source_file,date,time,location_purok,reporting_party,respondent,incident_summary,action_taken,status
20260506_130625.jpg,2026-05-05,15:50,,,,"CITICE OF Pampanga
CITY/MUNICIPALITY OF Angeles
Barangay Anunas
OFFICE OF THE PUNONG BARANGAY/LUPONG TAGAPAMAYAPA
BLOTTER FORM
F
NO: 00382-2026
2
2
Petsa ng Pagblotter: May 5, 2026
A. Pangalan ng Nag-blo-blotter/Nagrereklamo: DONG JOON
Tirahan:
4802 Merati two
Contract No.: 0966-8827-318
B. Pangalan ng Inirereklamo: Nottwien
Tirahan: 117 Lanzones
St.
Contract No.:
LEE
BGL TAGUIG City
Serendra
Edad:
Riniedo
39
Clark View Malabañas Angolas city.
Edad:
C. REKLAMO Physical Injury
D. KAGANAPAN NG PANGYAYARI:
Petsa: May 5,2026
E. SALAYSAY
GROUP OF PEOPLE
hotwein Came
face and
then
When
ran away
3:50 pm
Oras:
Lugar: Bisy
Anura's Angeles C
co
3 MEN and one
man
woman
family of Reniedo
and
into me bit
injured,
cursed
two
got fell down and
other workers
dashed
injured tinger
and security guard ron they
LAGDA NG SUMULAT NG SALAYSAY:
0/200
Pangalan ng Sumulat ng Salaysay: Dong Joon LEE
Walang kakayahang
magsulat
THUMB
MARK
Oras:
Petsa:
(Mga) Testigo: (Maaaring magsulat sa likod)
Pangalan:
Edad:
Tirahan:
Contract No.:
Pangalan ng Barangay Desk Office/Imbestigador: Junathan L. Monar
Lagda ng Barangay Desk Office/Imbestigador:",,Filed
20260506_130750.jpg,2026-01-02,12:30,,,,"NAMES JENNYLYN TANTUAN
DATE JAN 2 2026
TIME:
400.
12:30 pm
MANGOT
NAMES: DOMINGO SABANDO
DATE:
JAN, 2
2026
Time 12:30 pm
ADD: puno 3 ANUNAS
HAME: JAY-R BRANZUELA
CRIZANTO BAYONA
DATE JAN
2
2020
Time: 12:30
pm
ANCINA5
0008-012014
sa
ADD: Puno 3
*
KASUNDUAN*
ROLONG
2
PUMUNTA ANG TATLONG NAKAPANGALAN SO TAAS
PAND PAG-USAPAN ANG KANILANG NAGING PROBLEMA
ANG TUNGKOL SA BENTAHAN NG
AT NGAYON AY
NABAWI NA ITO SA NAKABILI NA SI DOMINGO SABANDO
AT NAPAG-USAPAN DITO SO BONLY AY IBINABALIK IYON P/200
Se JAN 10 2026 AT NGAYON AY NAGKAROON HR X6
USAPAN PITO SA BRGY, NA IBINABALIK HR / 200 DITO KAY
DOMINGO SABANDO AT SI M'S JENNYLYN TANTUAN
ANG NAG MAY-ARI NGAYON SA KOLONG AT SIYO NA
LANG ANG MAGPAAYOS ANG IMPORTANTE AY NAISULI
NA SO MAY-ARI, AT BLONG USAPAN CALACDA, ANG MER
Guneline Tantyan
mr
2
JENNYLYN TANTUAN DOMINGO SABANDOJ BRANZUELA
MAY- ANI
BUMILI
NAGBENTA",Settlement / confrontation held at barangay,Settled
20260506_130754.jpg,2025-01-03,12:00,,,,"60
FS
A
DATE: 1-3-25
TIME: 12:00 PM
NAMES LESTER JOHN DICHOSO
ADD: 27-28 4TH ST. VILLASOL SUBD
BRGY. ANUNAS
• POR BLOTTER
NAGSADYA DITO SA BRGY. HALL NG
ANUWAS ITONG SI LESTER JOHN DICHOSO
UPANG IPA BLOTTER ANG NANGYARING PANG
LOBOOR SA KANILANG BAHAY SA 4TH ST.
VILLASOL SA PAGITAN NG DEC. 24 TO JAN. 2
AYON KAY LESTER UMALIS SILA NUONG
DEC. 23 UPANG MAGBAKASYON AT UMOWI
SILA NGAYONG JAN. 3.2026 AT NADISKUBRE
NILA NA PINASOK NG MAGNANAKAW ANG
KANILANG BAHAY. AYON DIN KAY LESTER
AY ANG MGA NAWALA AY ANG MGA
SUMUSUNOD:
BICYCLES - 4 PCS MOUNTAIN BIKE
MOTORCYCLE.
WIFE ROUTER -1
WIRES-
WINDOW GLASS
VIDEOKE -
CLOTHES
DOOR ALARM-
TELEVISION
COMPUTER SET
REFRIGERATOR
LPG TANK
40 INCHES
-
ELECTRIC CONTADOR
LESTER JOHN
DICHOSO
COMPLAINANT",,Filed
20260506_130758.jpg,,17:20,,,,"0090-0120ne JAY. 1412026
BLOT TEK
Ronnie Tori BID
Po hole 4, BRGY. I WAS
AMELES City
Noon cont
mio 125 / GREEN
PLATE # 985
605 p.m.
Moton Accident
Hit & Twa
P-4, BESIDE PHAR-
maey, PRISANA
BAGY. Anouns
TIME: 5:20 p.m.
S
ESTIMATED ACES-20-25
pukok is BRGY. Aments, Aucthts City
22
Matunco Dito SA SAngel iting & Roun
to Risio PARA IPA IS BLOTTER GAME
Aksidente SA KANYA intrus HAP come
MA ALS 5:20 Dito Sa Pupore 4
Ayon tito kan onniE, PRvw, ""A how syt
AT PASANA MA SYA DIGO SA Toko 4 TABI
MG ISANG PHARMACY PARNOA
AT HABANG
PADANSA NA SYA, MAY PAAKYAT WA ISANG MID
125/ GREEN NA Fila uglainous itong ISANG
A monoton bito sa mio, sinalubong nito
uples mit itous si Ronnie (FURO 150/RD,
PUSTE # 744 RBV
AT DUMANGGA IN SA KANYA.
SA PAGLALABANGLA SA kont VASIRA im
L
FISHER- HEAD LIGHT FLEninG-TAParono, AT
PAUL SA Pacun some si
None fout me sucky bit SA BRASO
A MASAlest DAW ANG MALANG
DAHIL SA ANG LAGA SEMPLAus into so (MELB
PAGLANG Umphis AnG NAKABANGGA SA CANYA
2. men wong to fuumlong, KAYA Wher
PL BLOTTER it bito SA ISAKontry.
r
poning for blo",,Filed
20260506_130808.jpg,,21:16,,,,"0093-012024
Blotter
Complainant
JM. 14,2024
9:16 p.m.
Other DEFAMATION
NORMA BALAGOT 80
AGRiuST
WARLOW PALAMAS
46
Pukok S, BATIWOT Asthan. An uts
Jets City
Watungo to St Exequally itong PAUTHOR
PAG PARA PAG-USAPAN the Eau PROBLEMA.
Accomplisint Dito in nonma BAAGOT
My XG PAGkomporna vifonce a marion PALA-
was. you on to way normA, KinomporntA DAW
syp nitong si MAKIon DAHIL PAWN SA MASAMA
DAW ANG Tukin withning SA EAnyA, DAIIC
#Gon, MichASAGUTAN SILA nitong si mision
AT HANGGANG SA himpitonG PROBLEMA
AAMBATO RAW SA BUBONG A
noun't xus LSAT ng ito By simisty miting
& Malton haw it WALAGAN SILANG
SA VARBITO NG Bubona.
Huminal ac SoNTLY ITONG & MAkion,
Dito WAY NORMA PAttic SA nAhampton LA HAY
mya ito kung High at ito mauulit
WAW
AT SY sul financ
mulok -
WA SANA, Hine WA Kaw ito not
LALAGDA wiht Sue Coman hawun.
In A Hindi A mult.
NORMA SAUGOT
PALAS",,Filed
20260506_130828.jpg,,,Purok 2,,,"0098-012026
BlottER
√84.20,2026
10: 50 p.m.
HARRASSMENT
/ ORAL DEFAMATION
COMPLAINANT
MITCHIE
CARPIO, 36
PUROK I, BRGY. Amunts
·ANGELES city
RESPONDENT:
GENARD
GALANG
PUROK 2, BRGY. Ang
AVGATES City
NAGPABLOTTER Dito SH BARANGAY
Itone Si MITCHIE CARPIO PARA
ITEPOUT itong GAWANG PANG HA-
HARASS AT PAGBABANTA nitong si
GERARD GALANG nitors 6ts), GANAP
VA MAS 10:30 JANUARY 20
20, 2026.
Ayon Dito hay mitchie, VASA
BAHAY DAW SYA NG ITONG & CERARD
BY DUMAting Dito SA Eqnyling Inu-
9
UPAHAM. As kinompizonta nitore si
GEMAND tonge zi mitchie
1
VITA-
MAY MGA
Spliting Paninirang Puth, Pre BAUANTA
AT LABAN Dito Dow letty mitchie
kot itong si mitchie Dito kay GEWARD
DAHIL SA GINAWA nitong ISKANDALO
ICAYA sakaling mauulit itong GintWA
SH LeAnyA witrug si GEUARD CAG,
INE REKLAMO hiys ito SK KAPULISAN
mitekE CARPIO
MCarpio
J",,Filed
20260506_130841.jpg,2026-01-21,09:35,,,,"01-21-2026
TIME. 9.35 AM
FoR. THEFT
for
NAMES MANTES ALBERCA
ST. VILLAS SUBD
ADD.
15-2 AND
AGAINST
Bray Anunts
NAMES. (UNKWON suspoer)
ADD.
FOR BLOTTER
NAG SPOYA SA BRAY ST ME MARITES
ALBERCA, UPANG IPA BLOTTER Ans
NAnaYARMS NAKAWAN SA KANYAMS
BAHAY 15-2 2ND ST, VILLASA SUBD
Bahay
Brdy Anune, AYON SA KMYR AND
man NAWAR AY 2 BISEKUETA, GRINDER
ko
MEN TOOLS. KAYA PINK BLOCK KO ITO
St Bray At Gusto phong NAICEWIN
Ana KONTA Don as kur youte Ning
NASABIC, BAHAY.
MARITESS ALBERCA
Complainant",,Filed
20260506_155949.jpg,2023-11-15,10:15,,,,"DATE: NOV, 1 2023
TIME: 10:15 AM
CASH COLLECTION FOR SUM MONEY
HAME: ANGELICA LANGYA
DATE: NOV 15 2023
TIME. 10:15 AM
ADD: 1321 SURVA ST. BALIBAGO ANGELES CITY
HAME
VOVANIE POY LORENZO
DATE: NOY, 15 2023
TIME: 10:15 AM
TOD:
puno / BALUBAD ST. AXUNAS
* FOR BLOTTER *
DUMATING SR TANGGAPAN ITONG SI MS
ANGELICA LANGYA UPANG INGKLAMO ITONG SI
mn, JOVANIE POY LORENZO SR /BENENTA
NYANG LOTE HA 100 SQM SA HALAGANG
F 200 THOUSAND HT HAKAPALBAYAD NG
HALAGANG # 180 THOUSAND PESOS AT NGAYON
AY WALANG HA IPALITAN HE LUPASA KASA
LUKUYAN KAYAT ANG HAIS NIMS LANGYA
BY MAGICALSAT SA PONEY PARA SA IKALI
LINDEN PROBLEMANG ITO. IT MAGHAHD
SAT. 1: PM
RAP SA
FLYGELIDA LARUYA
COMPLAINANT",,Filed
20260507_225554.jpg,2023-11-15,10:55,,,,"DATE: HOY, 15 2023
Time
10:55 AM
COSE: FOR VACATE
NAMES: MAXENICIL TONGOL
DATE: NOV 15. 2023
TIME: 10:55 AM
ADD: 86 puno I. FRONIDA BLARSCH
NAMES, EDNA CADAZA
DATE: NOV 15 2023
Time 10:15 AM
puno / ANUNAS
331
ADD puno /
24
7
* KASUNDUAN *
ANDITO KAMI MISMO SR SITE NC PINAPA
CPOHAN NA APARTMENT NO PAG-AARI
HI MR, MAVERICK TONGOL AT AYON SA KAN
YO AY HOIS HANS PHALISIN ANG KANIYANG
TENANT S
KADAVICANONG DI PACBABA
XED NC KANIYANG HPT NA 5 BUWANNA
AT AYON FRAMAN SA NANGUNGUPAHAN
AY HUMINGI NG PALLICIT HANGGANG
LINGGO NOV 19 AY NANGAKO NAMAN
NA AALIS NASIMS EDNA LADAZA
IYOM ANG KANILANG MALINAW NA
Pro-MSAD DITO SA KANILANG ART.
46
BKAN KATUNAYAN SR KASUNDU-
AN AY CALDAAN ARS KASULATAN ITO
PATUNAY SA HAGING Pas-vasar
M
MAVERICK TOHOOL
COMPLAINANT
122
D",Settlement / confrontation held at barangay,Settled
20260507_225618.jpg,,08:30,Purok 5,,,"DATE: NOV, 16 2023
HAME: JANET BRIO
DATE OV, 16
TIME: 8:30 AM
2023
TIME: 8:30 AM
DATE
ADD: Puno 5
5 BATIBOT
NAMES: (CARMEN) MENCHIE DUHILING) CARMELITA MENACANC
DATE: NOV, 16 2023
TIME: 8:30
ADD PUROK 5 AKCINAS
*
For BLOTTER *
12
CANMOVITA MAROGANG
DUMATING SA TANGGAPAN ITONG SI MAS VANET
BRIO UPANG INERLAMO ITONG ST KENCHIE DUHILING
SA KAODHILANANG PAGKAKAROON NICA NG kom
PRONTASYON AT SA KANILANG PAG-UUSAP HY NAC
LABAS NG KUTSILYO ITONG SY(MENCHIE) AT HINAMor
DI UMANO ITONG
VANET BRIO KAYAT NAGPA
BLOTTER ITO SA BRGY, AT ANG NAIS NI MRS Brio
AY MAGILAUSAP SILD Se prey PARA LINOWN
ANG KANILANG PROBLEMA.
51
D)",,Filed
20260507_225641.jpg,2023-11-16,11:00,,,,"APPEARANCE
Compusinnt.
EDHHA
YUMIL
NOV. 16, 2023
11:00 A.M.
CONECTION of gun
Of monty
5-29 4 OHIO ST., VILLASOL
BRGY. Anu WAS
RESPONDENT:
A. C.
Many Ann DIMAZID
# 74 new york St., VILLASOL
BRGY. AnouAS. A. C.
NAGTUNGO Dito SA BARAUGY
ITMG si EDITHA YUMUL UPANG
HALAPi
Mc Tony AnG PROSLE-
kanyang
MA DITO KAY MARY min DIMAZID.
Ayon Dito KAY EDITHA YUMUL
mayroong
BILLS
SYAG Kinoko LEKTA
bito RAY many Ann DIMAZID
Junghol SA UNPAID MICH SA BAHAY
Dito Sa NEW youk VILLASOL,
in
6
SA
Justrit, Hint DUMATING
The MANY Ann DIMARiD
USABING SCHEDULE PARA
Kameng Homing Dito SA
BARANGAY
KAYA
SA
844
mooling 11MBITAH
Hines many in DIMALID
SA NOVEMBER 21, 2023, GAMAP
4
of MAS 10 MG UMAGA
Biller
EDITHA YUMUL
complainant
nov. 16, 2023",,For Hearing
20260507_225653.jpg,2023-11-16,17:55,,,,"BLOTTER
Nov. 16, 2023
5:55 p.m.
DATE
JULIO BUENA PEÑARANDA
Dent!
Fu poh I
MANALANG
Compound
t
204 cores city ACT
complaint
STLINA KUPPER
JOLINA KUPPER MAN GARA
Puhok I
KEDIN
15m6
mmmme CMP NUD
Bros. Duents
WALPABLOTTER DITO SA BAGAY
Si LINA KUPPEN UPANG
Ireport itong kansk
NAS JULIO P. PEVTALMUDA DA ~
HIL SA PAG-AAWAY AT PAG-
11SICA DALO Dito SA compound
26
Mantific
A
Ayon Din ITTMG si muzyn
My In NERFUL pua Iskan
intonom BULAHAW
9
WANGANGARO ITONG SI JURID
vuzio
UA Inöki ut my Julitin mulę
A my mus PROBLEMA Dito
SA OM
C
MA. MNLit Auc
ISKANDAN + PRG AWAY SA
Kyny G ASAWA
VON DABIYfarina ITO SA gro
List Aoks.
JR.
D
Julio
B. PANANDA
LIGE KUPPen",,Filed
20260507_225717.jpg,2023-11-16,06:15,,,,"BLOTTER
COMPLAINT!
GLEN CAMPOS
Puhok 3
Nov. 16, 2023
6:15 pron.
DATE
RESPONDENT
KEVIN
CALO
Puno 3
EDZEZ SUPAY
NAGKAGUURO AT KHARAN
Dito SA BARANGAY 18The
Prut
JR.
UPANG PAG-UUSAP mis
funchol SA WALANG CELLPAMME.
Aym biro kay
GLEN CAMPOS,
NAWARA MG
2 SIM
DAHIL SA MG WATERWISYO V6
margli
me
CARD is while Armu na 39k,
It broke si levinto m
sullug umamin NA KUMUHA
AT NAWAWALANG Sim CARD.
1
7
SA DESIs you ni GLES CAMPOS
nis myS IPAM GA
Acm 39 K
St phone pasmons
Plass she IPAPARCAs vitore
Si
ICEVIG
DAW SYA.
nais ni Glen, kunG MAAM.
MAG-AMOT UG 10 K HOME SKEVIN
DAHIL SA GAmit MA DAW it SA
Ut60540 uto,
AT ANG KARULACA BY 696A-
wAn ua pana 146 KEVIN AT
ANG BAYAN into 84 lev
110 BABAE IC WASH BING LANG
WA HALAGA.
P
20
Mu",,Filed
20260507_225807.jpg,2013-11-15,12:30,Purok 3,,,"ETAC
BLOTTER
Complaint""
JESUS
punole 3
NOV. 15, 2013
12:30 noon
DATE THEFT
(COMPHONE)
A. PLATOY JR.
Ben AS
JGELES City
MTSPONDENT:
unknown
(Szen
SEEN IN CCTV)
KEVIN CAND, 22 TIME: 1:40 TO 2 A.M.
fonok 3, AAS.
VIVO Y/21 T
TYPE
PUROK 3
Stone
OWNER: JESUS PLATON JR.
Dito SA BAGUAY ITone
MR. PLATON JR. UPANG IREPORT
MACATVUGO
Si
CCTV
GIMAWA
nitone ukkita SA
Himni myH KILALA.
MR. PLATON JR.
you. Dito legy
NACONGO imG THO
SU CCTU
54
AT
ne
A nahita
A PAGPAPA G-CASA
MarinGHT Imma
work ne tas DAHAY na si GLEN (TOBILD)
Kiaulta
n6 NAGPARA
6
Kanyang
CELLPHONE
itong
tho
84
CASH ANG
ATACAD
UMAS Tone Tho
In SECONDS
LANG LATER WITH C CorpHore
Nang itu insiLLENTE
2
maping A
1
1:40 to 2 m
SD PUROK 3
TABS7
46 HARDW
JESUS A PLATON JR.
math the na
09687545095
STOKE",,Filed
20260507_225854.jpg,,20:50,,,,"NN. 15, 2023
8:50 p.m.
BLOTTER
DATE
Complaint: A X
FIDEL PALMA
45
PUROK S, BATIBOTH
BRGY. AWAS, AUGTIES City
My Markd
RESPONDENT S
AN
AN JULIO ""LAKAY"" NARAG
AO PUROK & BATIBOT USTA
BRGY. WAS MUGELES CITY
1200 AT
A
3
ADNAGOVIGO DITO SH BARANGAY Stone
FIDEL PALMA UPANG REKLAMO
17046 si
JULIO ""LAKAY"" NARAS
naw
SAMS Ayon Dito laky FIDER KASAMA Now
SYA SA BAHAY nitong si Julio
LAKAY
- SA KAnict
PAG-11 mwen
MAGKAK DAW itong MAG ASAWA
PG Acito
AT
MARAGDISKITAHAN
wi CALYST FIDEL T
pisco NAW SYA NG PYCNA MAY
LA ITAL, AT Htin myA
A mhexin AG KANYANG KANAG
Braso
SA TAG PONG iyon, MAKU-
HAVC toma BO ITONG FIDEL
Dactic
SA TAKot
~
AT NAGTU460
Dito SA BAKASAY.
FIDEL PALMA",,Filed
20260507_230015.jpg,2023-11-16,02:45,Purok 3,,,"CASE:
Physics insory
NOV. 16, 2023
2:45 m.n.
BLOTTER
COMPLAINT
JOSHUA
JOMATE DE LA CRUZ
RODERICK ROLLON, 29
OCHEA
25
LAXA MAMA compound
JIMMY ESPINAL PUROK 3
BRGY. AMAS, MICELES CITY
4
RESPONDENT.
ARVAY
MAVALO
ET ALL
1
BREY IMBESTIGADOR
PUNO 3 & 4
BREY. ANS, ANGELES City
ActunGo Dito SA
ITONG Sint JOSHUA OCHIA, RODErick
Rollon, JOMAR DE LA Cruz
BARANGAY
CRUZ
Upt
REPORT ME
NANGYARI
SA Lamica
SA KANTO
46 Hunts,
12:30
free insidente KAWANG MAS
ne MADANG MAW.
pyon SA MGA
complainant.
16 PROBLEMA
GRUPO ni AJAY
MANACO,
AT HA
NAA
MACTAMO
NAUNANG GUMAWA
iton6
unline Skletin itong
Si VOSHUA OCHEA
6 PASA
SA KALWANG MATA nito.
ST igong MAY TATTOO SA LEEG ANG
Dito kay JOSHUA.
SIYANG MAKA Soutor
NATIGIL
ne inc
Campus MG KAGULUHAN
Si Jimmy ESPINAL AG
No Ausyon na tomt
STANG COMANA
WAG NG KAPULISAN.
KAYA NAGTUNGO SICA Dito SA
MAG SAMPA ny
LABAN Dito SA COMPO
BANNERY UPING
KASO
Jostatt DCHEA
RODERICK ROLLon
Roderick",,Filed
20260507_230248.jpg,2023-11-20,09:00,Purok 5,,,"DATE 11-20-2023
FOR:
TIME 9.00 Aim
Collection FOR sum
NAMES: LARRY ESMERALDA
ADD:
PUROK HI BRay Anunks
AGAINST
NAMES: GERRY ESPEDERA
Abp.
Purok #5 BRay Anunas
FOR BLOTTER
S7
OF money
NAGSADYA DITO SA BRay 81 Mn, LARRY
ESMERALDA WSAYONS NovomBon 20-2023
UPAS REKLAMO SI Mn. GERRY ESPEDERA
NA HINDI NYA PA ITO
Tunakol Sp wring
NABABAYARAN, NA HALAGANG CP 8.700.00)
DAHIL DITO AY GUSTO NYANG MASKA
SA BRay. PARA PAGUSAPAY
USAP DITO SA
MS NASABING PROBLEMA,
LARRY ESMERALDA
Complaint
SCHEDULE
NOVEMBER 23-2023
Jime 10.00 AIM",Scheduled: NOVEMBER 23-2023 TIME 10.00,For Hearing
20260507_230349.jpg,2023-10-28,10:00,Purok 4B,,,"BLOTTER: COLLECTION
=10
11-20-2023
SUM MONEY
DATE SAM
COSME
COMPLAINANT: RUSSEL
F&H LENDING CORP
STA CRUZ PORAC PAMP
har 01 do JBF GINO - INSAL AMACHT
RESPONDENT: JENNIFER CUGAY SAPIO.
PUROK 4 B EXT BRGY ANUNAS AC.
3810
252F PO
r59
MIMAAN
019 V
A
RUSSEL COSME
NAGTUNGO SA BARANGAY si
KIMATAWAN
32
F&H LENDING CORP UPANG
SA UTANG ITONG
IREKLAMO slit JENNIFER
SAPO
$6,380 na lagpas na sa taning noon pang
Oct 28, 2023
JENNIFER SAPTO ar HMBITAHAN
ay Bi
PS JENNIFER
EX
UPANG HARAPing
ANG
MAITA
SA BARANGAY
Nasabing REKLAMO.
Patruusap sa
NOV 22, 2023
ITATAKDA Ang unang
ng
10:00AM. ZPO ALIGN VADI",,For Hearing
20260507_230515.jpg,2023-11-20,,,,,"DATE 1/-20-2023
TIME. 510 PM
FOR PHYSICAL INJURY
NAMES AR SHARED DO LA Chuz
ADD PLARIDOL # BRay Amsle
CO-VA
AGAINST
NAMES ASHLEY FLOMS PAMINTurn
AMD. CYRUS ASIDNE
Ams
ADD. CLARK AVE VILLASER SUBD Bhey Ancing
M
NIE + FOR SCHEMONT
NAGKAHARAP NGAYON Ang Comp/AMMT
WESI AR SHARED DOLA CRUZ B SNX
Ashley Plones pamintur ir eyrus
ASIONE, URMa pas USHPM ins tunates)
SA NAIS AKING AWAY AF Panamatest de
Sa
Nksing PRG WHSHP SMR ASHLEY Plones
pommitum it Cyrus ASIDRE Ay Hummon
NS TAWAD KAY AR JAHNO Dock Opuz
SA Kanums ASAWA, AT ANS GASTOS SK
PRG PAPAGAMOT MY BABRYNRM NE Los
Ayon SF NAPAS KASUNDUAN, HI BILANG
PATunay NE SILA AY NAGKASUNDO KAMI
AY LAURE OF SP kasulatang NO AT KAMI
ON SE
BY WAITANGAKO NA HINDI NA MAUULIT
Ang M&A NANGYARI, BILANG PATUNAY
KAMI AY LALAGDA SA KASU osa 110
NEA Yong Novembon 20 2023,
AR SHARED DE LA CRUZ
mp
Cus
ASHLEY FLORES PAMINTAAN
Comphen
CYRUS ASTOROT",Settlement / confrontation held at barangay,Settled
20260507_230532.jpg,2023-11-27,19:00,,,,"DATE 1-20-2023
Jmo. 7.00 PM
FOR. PHYSICM INsury
WH JERSON SORIANO PAREJO
DECA CLARK PANSY ST
BRG MARGOT
AGAINST
NAMES JEmutz TANAY IBARRY
WAME CHRISTOPHER TANAY IBARKA
ADD #132 panok #5 Bray forums
FOR BLOATER
DUMATING NSAYON SA BRay Ang
KAPUGSAN NARS STATION & KASKma
Ans mor complainant was Mn.
JEILSON SORIANO PAREJO AT MEA
Respondent NE ST Mr. JEMUEL TANEY
IBARRA A M. CHRISTOPHE IBARRA
Msr RosponDan IA NANG YAtung INSIDOTE
SA AR NG BPI Cannon
Don Junco
Ave. Brey Anunas, Ayon In Complamy
SHA AY NAG KAROON NG Hines paes
KAKA UNAWAY OF DEAN, AT ITU AY
Humantong sa pananakit NING M
IBARRA KAY Mr. Josons. PAREJO,
Ayon sa KANYA AY PINACO sya Nuong
HEMET SA PARtona ULO AT PINAG suntoh
KAYA NGAYONG NAGKAHARAP SILA Sh
BRay Ang MGA Respondent AYON SA
MAPLAY KASUNDUM AY SASAGUTIN AND
MSA GASTOS DA PRS RAREGAMOT BT
HIHINTAYIN PA ANG RESULTA Sh Glock
UP S MATA as complainant
mhakikisN DARKTY
NE NOVOMBOR 27 2023 SE ISANG",,
20260507_230548.jpg,2023-11-20,21:29,Purok 3S,,,"BLOTTER
Computer:
Nov. 20, 2023
9.29 pm.
DATE
ROBINSOM
AUIOLA
LOT 9 1ST
BLU 10 LOT 9
PLACIDEZ, Bray, Amsic
RESPONDENT:
JONATHAY
PUROK 3
S
CES CITY
LOVELY ORBISO &
Henson
LACAMTETE (C/O ARTABA)
BRGY. AS MIGELES City
1
NAGTUNGO DITO SA BARANGAY IT046
ROBINSON AccioLA UPANG IPABLO -
iTong SinA JONATHAY HER-
LOVEZY ORBISO tungkol SA
+TEL
Son MT
PAGKUHA MILA
TIMBA
46
SA
PINTURA
DALAWANG
noon pans
november 06, 2023,
Ayon DITO KAY ROBINSON, NATUK
LASA YA MA ITONG DALAWA AUG
KUMUHA AT UMAMin na mismo
VA ibinabalik nila AnG GASMSING
PUTURA SA KANYA
MAY PARIBAS
MA
NA AUC KAMAY KASUNDUAN
(BABALIK, TOME SINAAT
MATHAN AY NAGKAHARAP, GAGKA-
USAP KAninang umAGA SA LUGAR
mi JonAT HAM. SUBArt, His TI-
HUPAD
m JONATHAN IT ITONG KASA-
MA WA Ane GAPAG-USAPM IMA
MAG TUNGO DITO SA RAuguCY ITM
BARANGAY
Si Rovinson UPANG IMBITAHAM
(Tones Sonnumm
nA Dito Sica
MAGKA-USAP SA BARANGAY.
ROBINSON AMOLA Carlo 3
ComicAinAnT",Settlement / confrontation held at barangay,Settled
20260507_230610.jpg,,09:20,,,,"frAME: LEAH VERGARA
DATE: NOV, 21
DATE: NOV, 21 2023
TIME: 9:20 AM
DATE
2023
TIME
9:20 AM
ADD: PUROK
I ANUNAS
NAMES
GENALD THAY
GENALD
DATE: NOV, 21 2023
TIME: 9:20 AM
AOP
Puno,
ANUNAS
* For SETTLEMENT *
NOR
DUMATING SA BRGY, ANG BAWAT PANI6 UPANG
MALIWANAGAN ANG KANILANG PROBLEMA ANG TUNOG
KOL SO DI HUMANTONG MATAAS
SINGIL SA PA-
MASAHE AT AYON SA NAPAG-USAPAN AY BINIGYAN
NG DIN ANG KANILANG PROBLEMA DITO SA BRCY
PANA AYUSIN AT PAGPATIIN ANG DALAWANG
PANIG KAYAT SA ORAS NA ITO AY NAGKAROON
NG MAGAANG PAG-UUSAP SA PAGITAN HILA
AT NGAYON FOILAN PATOTOO SAICASUNDUAN
AY LALAGDAAN ANG KASULATANG ITO TOILANG
PAG SANS AZON.
LEAD PENGANA
COMPLAINANT
GERALD NIY
RESPONDENT",Settlement / confrontation held at barangay,Settled
20260507_230716.jpg,,11:40,,,,"DATE: NOV, 21 2023
TIME: 11:40 AM
COLLECTION FOR SUM MONEY
NAMES: NIÑA REGASAL
DATE: NOx, 21 2023
TIME
11:40 AM
ADD:
Puno 4 ANUNAS
NAMES: EFREN CAMINONG
DATE: NOV, 21 2023
TIME:
11:40 AM.
ADD:
puno 4 ANDUINAS
* Fon BLOTTER K
DUMATING SA TANGGAPAN ITONG 51 ms.
NINA REGAVAL UPANG IPA BLOTTER (JONG
RESPONDENT NA SI EFNEN CAMINONG SO
KADAHILANANG DI
DI PAGBABAYAD NG NA
SABING UTANG NA HANGGANG NGAYON
AY HINDI PA NABABAYARAN NG MATA
GAL NA PANAHON KAYAT ANG NAIS
AY MAKAUSAP SA TonCY. PARA MABLE
YAN NG
10.
SAGUTAN ANCE PROBLEMANG",,Filed
20260507_230732.jpg,,14:15,Purok 4,,,"DATE: NOV, 21 2023
TIME: 2'15 pm
COLLECTION FOR SUMMONEY
NAMES: NINA REGAJAL
DATE: NOV, 21 2023
TIME: 2:15 PM
ADD PUROK 4 ANUNAS
NAMES: LEA ARANDIA
DATE: NOV, 21 2023
TIME: 2:15 PM
ADD:
PUROK 3 ANUNAS
DATE
* FOR BLOTTER *
DUMATING SI M'S NIÑA REGAJAL SABRGY
UPANG IREKLAMO ITONG SIMS LEA ARANDIA
PANA LIWANAGIN ANG NASABING CITANG
NA HANGGANG SA NGAYON AY HINDI PA
NABABAYARAN KAYA'T ANG NAIS NIMS NIN
AY MAKAUSAP SA BRGY, PARA SA IKAAYOs
NG KANILANG PROBLEMA ANG TUNGKOL SA
NASABING UTANG.
Apperagal
NINA REGAVAL
COMPLAINANT.",,Filed
20260507_230756.jpg,,,,,,"NAMES: NINA REGALAL
NOVEMBER 21-2023
DATE
TIME
2130
P.m
AGAINST
DATE
NAMES JUDILYN GAMOT.
panok AB NEPOVINE
FOR BUITER
NAG SHOYA SA BRAY SI MS. NINA RESADAL
UPMS InokiAmo si JUDILYN Amor Tunakeer
SA HINDI NYA PAG BAYAD NO utong NN
HAREM CP 4.600) KAYA ANG GUSTO
NYR AY MAGKA USAP DITO St Bruy HAN
WS Anana, SA DUMARATING NA Novoman
28-2023. SA GANAP NA Zip.m",,
20260507_230815.jpg,,02:00,,,,"STAG
NAMES. NINA REGASAL
4
DATE. NOVOMBON 21-2023
time. 21-2023
AGAMST
DATE
WAME. CORAZON TORIBIO ESQUERRA
ADD
Panok #4 Bray Anemas
FOR BLOTTER
NAGSADYA Wakyon DI Ms. NINA REGAJAL
UPANS /Rokiamo si ConAZON TORIBIO Esquonna
Tungled SE UTANS NYA NA Alno BINABAYARN
NA HOLDERS (+10.000.00) KAYA Ang gusto
KO AY MAKAUSAP DITO JA BRAY SA DAGA
Time WA NovemBon 28-2028 SA GANK
KA
2.00 Na HAPON
may
l
NINA REGATAL
Complanas",,Filed
20260507_230848.jpg,,02:00,,,,"DATE
NAMES. NINA ROGAJE
ROD: punch #4 Bhey Andents,
AGAN ST
NAMU, ConstSA PILEÑO
from
Punch AB NAGA BRey Anuma
FOR BLOHER
NAGSADYA DITO SA BRAY SI NINK REGASAL
UPMG /Roklamo st CONSEST PRENO
Tungkol sakayan utang WR HARG
CF 9.0.
on 00 DAHIL DITO My austo kong
MAGKAUSAP DIO SA BRY SA BARATing
wa Porannan 28-2023 SA GANAP NR
2.00 NG HAPON
NINT posson
Complaint",,
20260507_231200.jpg,,09:15,,,,"DATE 11-22-202s
TIME: 9:15 AM
for. THOFT.
NAMES. JONATHAN OAYETANO
100.
panoh # 1 BALUBAD ST BRGY ARUNTS
For blotton
PAGSADYA WAKYON SA BRaj
M.
JONATHON CAYETANO UPPng IPP Blotton
Ang Kanyang KAMPING NA NAWALA
HABARS ITO AY NAICHTALY, NAWALA
ITO KAHAPON OF KNAP NR 2.30 NS
HAPEN NOVEMBER 21-2023, KAYA
PINK Boston WYR 180 NAKATALI 10
Sk SBF US BAHAY ko.
gayt
JOMATION
CAYETANO
NAS PA BLOTTER.",,Filed
20260507_231225.jpg,,10:00,Purok 2,,,"DATE: NOV, 22 2023
TIME: 10:00 AM
NAMES: FROILAN QUIPOT
DATE:
NOV, 22 2023
TIME.
10:00 AM
ADD: PUROK 2 ANUNAS
NAMES
DATE:
TIME
Ap
DATE
* FOR BLOTTER *
DUMATING SO TANGGAPAN ITONG SI MR, FROILAN
QUIPOT UPANG IREKLAMO ITONG ST MR, ARA ROBEN
PAG-UUPA NG NASA
ANG TUNGKOL SA NANGYARI
BING APARTMENT NA AYON SA SUMBONG NG COM
PLAINANT AY TINIRHAN
PLAINANT AY TINIRHAN LANG IYON BAHAY NG
TATLONG ARAW AT NAGBIGAY NG HALAGANG P
5000 PESOS AT DING NAGPATULOY NG PAGTINA
AT ANG NAIS NG COMPLAINANT BY MACKAU-
SAP SA BRGY PARA MABIGYAN NG SUCKSYON
ANG FANRANG PROBLEMA.
QUIPOT
COMPLAIREMINT
compyon",,Filed
20260507_231237.jpg,2023-11-28,10:35,Purok 4B,,,"DATE 1-22-203
TIME. 10.35 A.M
FOR: Contation for
Sum of Monty
NAMES HELEN BRASEE BRAZOS
ADD: PUROK 4B EXT. BRay Ancenis
Names
ADO
AGAINST
ROMEL GARNACE
Penok AB EXT. BRGY AUNTS
FOR BLOTTER
NAGSADYA SA BRGY HAI SI Mrs HELEN
BRAZOS UPANG TREK Como si
Romor GARNACE, Jungkol Sa Kinutta
NYANG PANINDANG NA TUYU WL HOCAging
(77,000.00) DAHIL SA HINDI PA SYA
PAGBABAYAD AY ANG GUSTO KO AY
MAKAUSAP DITO SA BRay.
Awamps
·HELEN BRAZOS
Complaint
NOVEMBER 28 2023
Timo. 10.00 AM",,Filed
20260507_231248.jpg,2023-01-12,10:50,,,,"DATE/1-12-2023
TIME. 10:50 km
FOR. collection ton
Sum of money
NAMES. RUSSEL COSME F&H LENDINGS CORP.
ADDD. STA CRUZ PORAC PAMPANG
AGAINST
NAMES JENNIFER CUGAY SAPIO
Alfonso SEBUCO
ADD. PaRok 4B EXT. BRay AMUNTS""
FOR SETTLEMENT
NAGKAHARAP NGAYON AND REPRESENTATIVE
Ng F&H LENDIS CORPORATION, AT ST Mn.
Alfonso SEBUCO ASAWA NG NANGUTANG
NASI JENNIFth CuGRY SAPIO LPING PAS
USAPM ons Jungkil SA NASABING
YTAS NA HALAGANG, & 6.380.00) SA
Names PAG UUSAP ANG ASAWA NI
JENNIFER C. SAPIO.NA 81 Alfonso
SEBLICO AY SYA ANG HUMAKAP ME
SYA ANG MAG BABAYAD NARS HALAS
CP.500.00 KADA LINGGO, TUWING LUNG
HANGGANG BAYARAN ANG NASABING
CHANG, BILANG PATUNAY NA SILA AY
MASKASUNDO SED BY LALASDA IN
KASULATANG 180 NANG WALans
PAMILIA NINUMAN, KT ITO AY MASI
SISUMULA SA NOVEMBER 27-2023
RUSSEL COSME
Rep. # # LENDING CORP-
ALFONSO suce / JENNIFER O SAPTO
Kesponden",Settlement / confrontation held at barangay,Settled
20260507_231301.jpg,,12:10,Purok 2023,,,"DATE: NOV, 22 2023
TIME:
12.10 pm
NAMES: ALEXANDER LIM
DATE: NOV, 22
TIME 12:10 PM
ADD:
PUROK
2023
ANUNAS
NAMES: RICHARD ARBARIDA
DATE NOV, 22
2023
DATE
TIME 12:10 PM
ADD PUROK 3 ANCINAS VAD
JAW
INNH OW
*
FOR BLOTTER *
DUMATING SA BRCY, ST MR, ALEXANDER lim
UPANG 1000 BLOTTER DONG SI MR, RICHARD
ARBARIDA SA COINAWANG PACARANTA DI
UMANO AT ANG PAGKAKASAKIT AY GANITO
AYON SA SUMBONG HAYAAN MO PACNAG
KAROON AKO NG THEMPO AY PAPATAYIN
KO YAN PARD WALD NA TAONG
IYON DI UMANO ANG TINURAN NIMR
RICHARD ARMADA AT NARINIG NG KANI
NYANG ASAWA NA SI NOSALIE ABAVON
KAYAT PIND BLOTTER ITO SA BRGY. DI ACAN
ANG DAHILAN KUNG BAKIT NIYA AKO BINANTAAN
PROBLEMA
ALEXANDER LIM MUST
COMPLAINANT",,Filed
20260507_231312.jpg,2023-11-23,12:25,,,,"BLOTTER
CompusinANT;
Nov. 23, 2023
12:25 m.n.
DATE
LOVELY CARMEN
REYNALD
LABAS
Pokok 4B, NEPOVICE
RACY AS
RESPONDENT: MICHAUD CARMEN
LOVELY ROSE SALDUA
Puno 4B
RAPOVICE
BRGY. A WAS
WAG PINABLOTTER DITO
SA BANDA.
C
GAY Taong SinA LOVELY CARMEN
REYNALD CAMANA UPANG 17th-
uomo ime si coVELY THOSE SALDUA.
Ayon dito ko LOVELY CAmen
nachanson SILA 46 SAGUTAY TUNE-
now SA KANYANG MGA KASAMA SA
BAHAY MA UMUPA. HANGGANG SA
LUMALA MUG SAGUTAN AT MAGICABA-
TUHAY NG BOTE 6 ALAK DITU SA
Look 6 BAHAY ni
WAGTAMO 16 SUGAT ITONG SI LOVER
LOVELY CARMEN.
itong si
CARMEN DAHIL SA iTons si Lovery
ROSE SALOVA AUG BUMATO NG BOTE US
REDHOUSE.
T
Ayon DITO WAY LOVELY CARMEN
MAIS MA HTMM6
1
BIGYAN 46 KANULAUS
ICAGO SA TAMBARATO to SA BAHAY
MYANG BOTE ME REDHOUSE.
WANG 4441
Are LAHAT weinung khas onSEY WEVIA
natyous november, 22, 23
4644046
22,0023
LOVELY CAMEL
-
RAY NAV LAXunt",,Filed
20260507_231641.jpg,,,,,,"PESOS
1121
DATE Nov 24.2023
FOR PROPERTY Oliy
CASTANEDA
GSAD JNAL 10.M
ZANOWAN
NAMES: MERVIN DER AND
AND #121 BRay 810 DOMINGO CAPAZ TARCAS
AGAINST
NAMES MICAH DEL PRAR L
ADD Punch # 22 Bray Anemes
BUAH
FOR BLOTTER A
NAGSADYA SA BRay 87 Me MORVINT
CASTANODA, PARTNER NI KEVIN LOVERSEE
UPANG TROR CAMO 1 MICAH DOL PUER
Tungkol Sa mSA GAMIT names kumpany
PA LAPTOP AT PHONE AT CASH ADVANCE
NR $900.00 DOLLARS, KAYA AUS Qusto
Kooky mas KAUSAP DITO SA Bray
AT PARA MAKUHA Ang maR NABANGEN
Nx Aysu myną IBALIK ANTE
SAM NA
www
Did
A2
MERBINA CASTANEDA
CASTANEDA )
• complaining SPA
PKN RO",,Filed
20260507_231810.jpg,2023-11-24,01:29,,,,"991;8
UNUZNM TAJN2
PJULI
727
PA100ASS
DATE 1.29.2023
TINTIMO- 2,00 Par
NUC fon. Lost
DRIVER USENCE
NAMES. GIL GIL ALBERO OLIVA
Ambi puszek #1 DUMSITE BRAY anunas
FOR BLOTTER
Bred Bum!?
E
baner
MAG SADYA SA BRay 31 mm. GIL ALBERO
OLIVA, UPANG IPA BLOTTER ANG NAWALA
DANESE DASTOR (SECURITY
Cisonco) NAWALA ITO Noong Nov,
24-2023, KAYA PINA LOTE KU
ITO SA BRay HA NG ARUNAS PARA
Documon TARY REPORT NGAYONG
~ NOVEMBER 24 2023, SP GANAP
•NA 2.01 NG HAPON
ANYAS 22 N
-480A
13 4*
7JZ NY Toy on
Se 201
MJ2
596 TA
#2
GIL ALBERO OLIVA MA
NAG PINABLOTTER MOM
Potr B. CROSPO ND ng
BRay EM BOSTI SADOR
mt mod
12 42",,Filed
20260507_231832.jpg,,01:24,,,,"STAG
DATE 1.24 2023
NAMES
Time 11.25 AM
NAMES ED SHR EVANGELSTA
5/19
NAMES. EVELYN DE DIOS/MM. ALEXANDOR DE DIOS
ADNAME. ALDRIN FAJARDO DE DWS.
ADD: #38 LK Santos BRGY MARIKINK
HEIGHTS. makina City
AGAINS
NAM. HONRY PAUL PINTUAN CAYMM
APP. BALUBAD ST. Purok H I Brey Ances
+
FOR BLOTTER
DUMATING DITU SA BROJ SINK EDGAR
EVANSEUSTA, EVELYN DE DIOS Mr ALEXANDO
DE DIOS, AT M. ALDRIN FAJARDO DE DIOS,
upons IPR BLOTTER SI Mr. Honry Pour
PAmmouan CAYANAN, Tungkol SA NAGING
KONTRATA SA PINK PAGTAWAG BATAY
Nemas. EVELYN DE DIUS, M m Alexan
DE DU DAHIL SA NAKAKUHA NA SYN
NARS CP3.000.000.00) THREE Mulion
poses, AT SA KASA Lukuyan Ay Ang
NAGUA AY Hukay PR LANG KAYA
Ans GUSTO NAMIN AY MAKAUSAP
DHO SA BRGY.
Ay
#0998-3057938
EDGAR A. EVANGELITA
Nurk
EDGARDO EVANGELISTA
Representative
ALDRIN F. DE DIOS
M EVELYN DE DIOS/M. ALEXANDON DE DIOS
Comptrinnt
Complaint",,Filed
20260507_231850.jpg,,16:20,,,,"NOV-24-2023
DATE 4:20pm
= complainant =
anna LEDA ESPARES
PUROKHT BATIBOT, andinas a.c.
4: 7 pm
L
- Fon
BLOTTER =
NAGTUNGO DITO SA BRGY. HONG 81
ms. anna VECHA ESPARES UPANG IPAGBIGA
anam PITO SA BRGY ang pangyayam
Sa kanilang BOHOY. ninakaw ang
kannana KOLONG-KOLONG | TMX NT
HAD BLOCK coron / PLATE #990717. Wo as
kaninang madaling araw
nanayam
sa onas
NG
Way
N 12:36 NG MaDowing anaw
PETZA NG - NOV-23-2023. Pina BLOTTER
VTO ni ms. ESPARES na sa Ganun Kung
may nakakita man sa nasabiNG
KOLONG-kolong ay maalBusan Wong
BIKTIMA, at ng sa Ganun ay HINDI
na n makaHaG-Biktima ng iba.
anna VEVA ESPARES
complainant =
-
0975-784-6255
1950-292-80 go",,Filed
20260507_231916.jpg,2023-11-25,19:30,,,,"BLOTTER
Nov. 25, 2023
7:30 p.m
DATE
Computinant :
BENITA EVANS
44
Puno 4K
NEPOVILLE
AS
RESPONDENT
BREG. Actros City
RODOLFO DOLPHY
puno 4B, nOPOVICE
BRGY. Ants
ADAY, 52
ANGELES City
NAGPABLOTTER DITO SA BAKINGLY
Itong si
BENITA Evors UPS IRth.
como ime KAY LIVE IN PART
2 RODOLFO ""DOLPHY
non my
home.
syon DiTo Lay BENITA
1
WALA DAW
naman syrus MA WA DATion
Kung Bakit BIGLA SYthe sino tok
nisone si DOLPHY. umano
mananci
nki nom WA MA ITONG Soi Doupity
kus kanA'T PINA SENSA uito
AG kantus kettimust
AT ITTUG
Si Benita te syouc PinAG BAL
ucom hi to us 6 Ariz.
Cetrit.
his in BEWITH un MACKARM
Silt u kasundum bito 84 ISH
DAHIL I Tone si Beni
mithist in A
RANGAY
Ayon
SA KANYA
MY ANG
BUCAS
KAS 10 UG UMAGA
nov.26 2023, GAGAP GA
A
AYAW NA NAW
Dito.
SIMBITAHAN Dito
+
Si
DOLPHY.
D. Eva
SA SAYACAY Ione
BENITA FUMS",,Filed
20260507_231951.jpg,2023-11-26,12:32,Purok 4,,,"NOV. 26, 2023
12:32 m.n.
BLOTTER
COMPLAINANT:
CHARLIE BULAUTE
DATE
PUNO 413, BRGY. As
ANGELES city
RESPONDENT:
OCAMPO
JASON, TECSON, RT
PUNO 7, OREGON ST.
BRGY. AS Ancolos City
NAGTUNGO DITO SA BARANGAY itong
Si CHARLIE
TTER DUG
BULANTE UPANG IPA BLO-
nguguting Saksi DEUTE
SA PUROK 4 Kaning ALAS 11:30
46 CABI
november 25 2023.
Ayon Dito kan altioNUE, MASAGI
motok na single NT M
SYA NG
Uko mamaEHO AY ITMG si JASM
TEZ Son. Timmon AG
in Agon
KAMANG BAGO in coamit.
ANG
KT AG THE PONG 24.
MAGPATULOY
SILA SA PAremaniko TUMAKAS
KASAMA NG BARKADA nito
VAKILALA itong si JASON
KUSA SILANG WAGTINGO DITO SA BA
A PANG USISA in KunG AND AT
BAnit SiLA VASTATARBO SA PANGYAki
Ang nais come in CHARLIE AY
MAGPAKA AT Ummon
S JASM SA PANGYAYARI,
r
27 SA DANG koli, vomin
Home Si Jason A Huchings 46
PAUMANHO Dito hay CHAKITE YA
syt omnG TINANGGAP Ans",,Filed
20260507_232003.jpg,,02:15,,,,"7
T
2
?
BLOTTER
comprimant
NOEL Ton
nov. 26,2023
2.15 m. n.
Ton/
ALANST
T
DATE
LAURY BLAZA
RODOLFO DOLPHY"" ADAY
puno 4B
MEROVILLE
+
WACKAHANAN DITO SA KArmany
Hong Sina hold you ST Roboto
APHY UPMC PAG-UUSAP MMA –
neything PROBLEMA SA kamiCA KA
nint
7
Ayon pito kay noEL TAN MAY
Maything Hishi ASHUHAY THOUG
S RODOLFO SA BAHAY nito, DAHIL
UMAWAT Lamines to S4 kim-
LAM
NAPAG Buntu-
in proDOLFO ANG BAHAY ui-
Sinira nito DAHIL SA GALT
LA PABAYAD
SA
Lone 6
non.
To
1
MAG-ASAWANG
KAYA hAis
ANG DAMAGE
Anco
an
1
30E2
DAMAGE NA GINAWA nito.
mint itong si Ro-
DOLFO SA ginawang PAGSIRA nito
SA BAH
M
SA KASUND
1
BAYARAN O
An ones.
TAPAGAWA in producto GRA
ksai-
PIPIRMA sin st sui
NAPAGKAGunawan bits st
uito
Ey
1
Lane
Baume.
P
HT WMA NG PROBLEMA 84
nott Jou
Roast
RODOLFO ADAY",,Filed
20260507_232022.jpg,2023-11-26,,,,,"BLOTTER
ComprasinAT""
RODUCTO
NOV. 26, 2023
2:35m.n.
DATE
DOLPITY
ADAY
AGAINST
LARRY
BLAZA
AUG PANETTONE panic on WACKA
DITO SA BARANGAY UPM 6
HAKAP
SAMA'S PAG-UUSAP my
Aming
Wake
SA kanilang
SA NERAmo nitong si RODOL-
Menon Symis Hinn VAGUSTU-
Fo
KAM SA GINAWA SA -
W ITONG SI BLAZA SA
AWAY milac MAG-ASAWANG. PATI
GA hin irons si noE BY INAWAY
Rim ni ODOLTO. Aki AGUA-
Gitna PROBAMA nica so coMALA
MG upine SARUTAL Dito St
KARAP LG BARANGAY HANGE Any
SA nagkaroon he His PACKAMA-
au tindistan. HANGGANG SA NAGBAMTA
WA itong si Lamay BLAZA.
Can Den stone at RODOLFO
Ay Maynoon DING PAGBAZA
KAYA SA KASUNDUANG ITO DITO
SAY ANG Paxtone Panic
A ky on sk komt GiLA BY WAG
NA AT bankmen
Kasunno
NA IMG ARGYkning cost kan-
CA
WALA NG PAGBIPSANTA SA lui-
LANG PANE 180
LALADAS with
LA MAAYO5
CARBATY - BATINA",Settlement / confrontation held at barangay,Settled
20260507_232059.jpg,,09:50,Purok 2,,,"BLOTTER - OnunE DEFAMATION/DEATH TRAMEAT DATE
COMPLAINANT: RONGLYN
HOV. 27,2023
9:50 AM
NIVEL BOS
983th
PUROK
2 BIZGY ANUNAS
RESPONDENT:
DANIVO
APIGO
EASTERN
SAMAR
NOGCADYC
Sa Tanggapan
ng Barangay si
RONGLY NIVELBOS upang TREKiamo
ci
Danico
APIGO
social
sa diumano
Paninira sa kanya
sa
MEDIA
at pagbabanta
ng text at chat. Dagdag pa
nag memesage si
Laban
sa
Ayon kay
na
nakita
Danico
kanya sa
sa pamamagitan
ni Roralya
ra
AD1G8
rg paninira
Kanyang
mga trabaho.
Roravy may pagbabanta si
Papatayin mya ang kanyang
Uprano
mya Ho.
Danilo
anak pag
Any BLOTTER
ra
to
no pugreport
Kay Danilo
ay nagsisilbing dokumento
ni
Ronalyn niVELBOS
AP.GO.
Laban
component",,Filed
20260507_232145.jpg,2023-11-27,04:30,,,,"BLOTTER
-THEFT
COMPLAINANT: BENITO
DATE
NOV. 27, 2023
4:30 km
PERTES
F-SHIP HIway BRG Anonas
RESPONDENT unknown
24110
WANT
A
W 42
A p
Nagsadya
sa
Barangay
Si
BENITO PERTES
Upang
IPG BLUTTER ang
pagkawala ng ACUMINUM
CLUB
at NITONG
sa
Oras ng
Bumin ng
BOSS
LADDER (hagdanan) na kanyang Hurinam sa
miyang Koreano
na Si MR CHUY. AYON Kay
BENTTO, NAKOATEara niya ang ROOFING ng BIG BOSS
araw ng NOV. 27, Lunts
9:00 AM siya ay umalis upang
MATORYCLES, SUBGUT
PAG Ballk
nya ay
nawawala ha
umano
na
intan
niya
ra Tabi ng
ang Hagdanan
BUILDING,
Ayon
kay
ang
CCTV.
BENITO SETUPIN ng BOSS NIYG
mamayang 2PM 0. mamayang
Hapon upang malaman
kung sino ang Kumutta.
Benito
complanart",,Filed
20260507_232200.jpg,2027-11-27,04:20,,,,"STAG
PLOTTER
computin
Nov. 27, 2027
4:20
DATE
p.m.
HEIDI
ponor 6
RAIT
BAGY WAS
AUGTHER City
RESPRUDENT!
PELINO VARONA
PUROR & BR.
MUGELES City
nagtungo bito SA BARANGAY
Toro S HEIDI RAIT
UP346
IFK Mons PANAM
SA
KAYA
nitong si Pezino
vanas veins vanuit sa-
kans A
kaninang
MAS DOS
nG
Hapon
9 muntos DAW Mis ka
ULO SA AMBA NG PInto RT
Go Sys
46
BOLOL SA
noo
T
affy hpf
TAST
MICH SUCHT Pa",,
20260507_232212.jpg,2023-11-27,21:45,,,,"BLOTTER
Compusin"".
Nov. 27, 2023
9:45 p.m.
DATE
JOAN HENSON
Puhoke 3
BIGYA HAS
tructies city
RESPONDENT.
JOHN-JOH
PAMINTUA
Puncle
BRGY. AAS
fricties City
NAGTUNGO
Dito SA WARANGIY
TMG PARETING PARIS UPRIG
1006
PAG-UUSAP suleLAY GUSTING
mucu
T
DAHIL
1
Ayon pito SA MAG-ASAWANG
St thison A Now SILA NAGKASUNDO
nais nicque PARERO WA MACkanoon
SICA
G KAGULATAY
Makettiki WALA
1
WA SA BY
a66 64;
Ang nais ni Jottu-Jolt by milk
ISA ANG KAY SA MGA CA
AT MAKUHA ANG Man Damit nito.
ninagko naman itter & JoAn
MGA Gamit instons
nA
IBIBIGAY BUG
Si Jon-Jon,
Bules
MAG SAM CILA UPANG
Ang kanilang MGA
PAG USAP
USAPAN
male kune sino puc I KARAPA-
tan
1
SA VAWC.
So one on AC MAGYAR
MGAYING CATS
AT MAGKAPROBLEEMANG
muli MARI WA Situs Dantin
54 KAPULISAN me
KAPULISAN ME KAmicitic phots.
KMA",Settlement / confrontation held at barangay,Settled
20260507_232241.jpg,2023-11-28,,,,,"AMME LUZ ACOSTA
DATE 11-28-2023
TME 845 Am
for. LOST VIDooke
ADD. pusok & Bray Anunt
FOR Block
NAS SADYA NGAYON SA BRay 81 Mis
LUZ ACOSTA, UPANG IPA BLOTTON Ang
WANSYARI PAG KAWALA WS VIDEOKe
AYON SA KANYA AY nalaman wh
LANS NGAYONG UMAGA SA GANAP.
NA IKA 500 NG Umbert poromBeh
28 2023 KAYA PINA Blotch ko
170 SA BRay,
trat
Lut (ACOSTA
Complaint",,
20260507_232306.jpg,2023-11-28,09:00,,,,"DATE 11-28-2023
Jimt. 9.00 A'M
For
1
NAMES. GLEN CAMPOS
ADO
Puno #3 Bhuj AUNTS.
FOR BLOHEL
NAGSADYA SA BRay SI Ms. GLEN
CAMPOS UPANS
IPA BLOATEL Ane
wowsing CELLPHONE, VIVO Y
20 21 21T COLOR. BU
JumaXARI ITO KASABI Names
MADALING ARAW SE GANAP
3.30 Am. november 29-2022
M
GLEN CAMPER
NAS PA BLOHOL",,
20260507_232338.jpg,,09:15,,,,"DATE #12-2023
TIME. 9.15 A
for
NA MARIA ARNIE LEBANTING
Pynet 4B NEQUAT
AGAMIST
NAMES SHADEN LEBATINO
TRIXIA VILLAmon
DARWIN LERATING
Mon petion ABS W
415
GUR
for Brosson
NAR SADYA SA BR 81 th
ARD TO LEBANntino, upps
PA Blown
Any MSF Pronation SP ITAPS funder
SAMER PAGKAKAINTINDIHAN HM Kayn
""PAINT BLOHOL K100 gusto kong
To Mt
MAG KAUSAP KAMI DITO SA
BRY
Armil
MARIA BRAVE LEBATTING
Complainant",,
20260507_232350.jpg,2023-01-28,09:20,,,,"DATE 1-28-2023
TM-9.20 AM
for. PHYSICAL INJaty
NAMES: ARWIN MANDLAS
For
Nomi
T
panok #1 Bry Ancients
#O AGAING
For Blottor
Dro
Dumsome DITO SA Brey 81 ARWM
MANALO UPAY / PA Blotter ing
JANG YAR IN KAYA KASABI SA
GANDO NR 17.00 us GABI
• Ayon sa KANYA AY KAnumm ryk
BY MATRIA, NO BIBRI Kkons
Ky
ng
SIGARRYO AY BIGLA NR tur
Ahens Sinuntok NG HINDI KO
KILALA KAYA PINK BLOHtor to
ITU SA BRY
ARWM MANDIN
Complaint",,Filed
20260507_232431.jpg,,13:20,,,,"Names
NAMES. JOHERTY DELA CRUZ
ADD. Punet # 5 BATIBOT
AGLINST
DATE HOY-28-23
Tim. 1:20 PM
fon, Cott
CLAIM OF PROPERTY
DucumonTS
Nome. CHRISTOPHOR INOT JATOT VnexFlor
ppos
V
Punch #5 BATIBOT
MALAPIT KINE
ESPADERA
NS
FOR BLOTTER
NAGSADYA SA TANGGAPAN US Bray
81 M. JEFFRY DOLA CRUZ 4pinag proklamo
Sun CHRISTOPHER INOT JANET VILLATION
Tungstol SA MGA GAMIT KO SA LOOB
NS BAHAY At Ako Ay BIGLD NYANG
Susuntuomm At PATT Ang BYONEn mens
BABAE WEST Jonot Villation pay
MAY HAWAK PANG ITAK, KAYA PINA
Brostor / HO SA Bry, Nanayat Loo
Noong Novem32 26 2023, AT PATI
Hormas by kinu HA RM (kAyn ling
Gusto ko ky MAKAUSAP DITO SA
BROTY
fabiany
Itttroy pors CRUZ
complaint
Au
Dtc .01 10.00 fur",,Filed
20260507_232447.jpg,2023-11-28,20:10,,,,"Es of
pe von
NO 29 BLOTTER
COMPLAINANT:
Nov. 28, 2023
DATE
8:10 p.m.
Will JOVILYD A. RODRIGUEZ, 21
NOUD BLK 73; LOT IS NORTHVILLE IS
BRGY. CUTUD, INGOUTS City
T
A
RESPONDENT:
ANA STN24
316502 NS
No ACOB ON ""CORJA NADICO'
N
TMN HASIN
A2
1
MONNAGA Dictio SA KARANGI ins
-AS JOVILYG A. RODRIGUEZ UPANG IPASCO-
*FTER AG GINAWA SA KANG nitong
Si Jheor.
-
for Bits Kay JOVILAG MAY KASA
int gyßne EA TRABAHO NA MAGICA
NGALANG MY, naturGO SILA SA Spin
CLUB PARA SAVA Mali pracosPERATE
SYA
JA IWnG PAANO ANCY DUE MUC
PAGAWA no Kanig KASAMAHA
SK TEMBAH shit Set in JAWR WR
ntuonoo DIM SA Spin CLUB, AT BIGLA
ng
JOVILYN
S
WMAPIT Home in JAZZ 0, to WAY
NA Sinduan SYA nito &T WA-
BMTA SA Kanica vix ut findi
9
KAYA NAGAONGO MA Dito SA KANYA
NGHY UPDone The Pont MMG GINAWA SA
A mitinG SI SAK, DAHIL SA
WANGAN GAMBA NAW SYA 84 Konyng
Strew
D.
Potugue
JOVILyn
A. RODRIGUEZ",,Filed
20260507_232505.jpg,2023-11-28,23:35,,,,"BUTTER
dom Putinant:
f
nov. 28, 2023
11:35p.m.
PHYSICAL injury
GLEN CAMPOS
Pauok 3
RESPONDENT:
Bray, Dunks
Anstres city
RODGIE MERCADO 24
Puno 2, BRGY. AS
JUCERS City
NAGTUNGO DITO SA BANARCHY HONG
CAMPOS UPANG
Si aven
zi RODGIE MERCADO
1
A TIME
Ayon Dito KAY Glen Campos,
Masing iTMNE SI RODGLE NA MAY 64-
1U-
Li+ DITO Lity Chen campos, HA
SA CCTV G KABUUNIC pancytyqi,
NA ITONG Coven My VARA I TAMBAY
SA HARK ng kanyone tindahan AT
PAPARATING itong si DOUGLE 44
PAGLAPIT no hay GLEN MY simon-
Ton iTO SA PARTE UC anyone thinGA
AT BURNGstle it Sh semento,
54
Ay
KAYA DUG mais mitine si Guen
DACHin SA KAPULISAN Are Givine
Potok
PAR SA
kannt.
SA PAG-Aun itong MODGIE
TOTOONG simutok myA ITMG S 644
DAHIC SA MASA DAN AUG look mito
peno mesto: 10 DAW itive vialen
SHA KARUHAY ITME & RODGE DAHIL
SA ISA PA ton DAW sumus BABAE UA
Di DAPIT SA A
L
10:42 Ang GMAAN PArmenTon
PITO AY
GLEN
Glen Campos
Compos -
complaint
7
na (A3)/pov.28",,
20260507_232548.jpg,2023-11-29,08:20,Purok 3,,,"DATE 11-29-2023
TIME. 8.20 Aim
FOR. LOST PERSONAL
document. DRIVER
LISENCE/WALLOT
NAMES. JOVELYN QUI LESTER
ADD:
Purok #3 BRay Anunks.
FOR BLOHER
NAGSADYA ASAYON SA BRAY 81 Ms. JOVELYN
QUILESTE, UPANG IPA BLOTTER ANG PAGKAWALA
NS KANYANG MSA PERSONAL WE GAMIT
TURADING
Lamang
BR PAS
DRIVER USENCE, WHET, NA MAY
CASH MORE OR iss 500.00 AT
BARYA AYON SA KANYA AY
NAKAPARADA ANG KANYANG MOTOR SA
AROA Na
Para 4 MALAPIT SA FULAY
At 10 AY NAKALAGAY SA compARTMENT
NS MOTOR KAYA SA PAG KA/CA ALAM
NYP BY
WINGKAN ITU NAnayak 150
180
SA LOOB NG MADBUNG ARAW NG Nov.
29-2023, KAYA PINAG BLOTTER ICO 150
SA DAHILANG BAKA MAGAMIT Ang
Akms UsonSYA SA HINDI MAGANDA.
JEVELYN QUILOSTE
Complainant",,Filed
20260507_232602.jpg,2023-11-29,09:30,,,,"DATE 11-29-2023
Immo- 9:30 AM
for (THEFT)
NAMES. ESMERALDA RAANDAAN
Hom. PuRoh 4/13 NEPOVILT BRey Arones
Nhm
AGAINST
RYAN CAPULONG RAMOS
Abo. Purch # 3 Bray Anunu
Fok Blotter
NGAYONG NOVEMBER 29 2023 KY DUMAT
SL EX-U DANILO BATIAN CILA KASAMA Ang
NAHULING MAGNANAKAW AT ANG PANGALAN
AY 81 RYAN CAPULONS RAMOS, AYUN KN
Mac ESMERALDA KHANDAAN HABARS NTS
TITINDA SYA AY LUMAPIT SYA SA HARAP
NS TINDAHAN NG BIGLA NA Long Irons
aking HR AnG PERA NA Aking PINAG
BENDRAM AT BIGLA NYANG TINAKBO
RAYA NAG SISIGAN ACO NA NEALLY 180.
MGA Thong NHICH TAMBAY SA
DAAN KAYA PINA BLOTTER / 180
SA BRay NahaYARI ITO WEAying
portino 29 2023.
FS Med
ESMERALDA RAANDAAN
Complainant.",,Filed
20260507_232616.jpg,2023-11-29,,,,,"BLOTTER
Computingut
DANIEL AGAPITO
Nov. 29, 2023
10655 A.m.
DATE
Mus
puno I, BA
priceles city
RESPONDENT:
&
DEMOLISH
CLAuk Hills Security
term.
NAGTUNGO Dito & DANIEL Acapito
UPALE (REPORT AT PINABLOTTER MIS
met GAG PARA
Max
Secunity GUARD NG CLARKHIN05
AtemCH DEMOLISH TEAM SA
DULO NA MArmpit SA DRAM FRUIT!
Stag NG PAGBABAND KA
nuong as 10
no umbet.
Bohob
844 PAGBAB
+
wina PA ANG
mot it
ne
MGA Puno
4C MANGGA
GA DI PRPAT siamin.
+
Agapito
DAUGEL ACAP
ARNER A CHA
Brey. Imbistionore",,Filed
20260507_232639.jpg,2023-11-29,11:30,,,,"NAMES
STAC
DATE 11-29-2023
TIME: 11:30 Aim
FOR, ORAL DEFAMATION
SARAH CINCO BAUTISTA
ADD:22-145TH ST. VILLASOL SUBD BRay Anunts
ANAGES CITY
AGAINST
WAME: KENNETH REGALA/JESSIE REINTEGRADO
App.
5TH ST. VILLASH SUBD. Bray Anun
PROVINCE AND (TARLAC)
STA MARIA SITIO BATO (MBLCT)
FOR BLOHER
PAGSADYA SA TANGGAmpon na Lupen 81
Me. SARAH CINCO BAUTISTA, UPANG IPA BLOTTER
1 M. KENNETH REGALA, Tungkol SA MEA
SINABI NYA tungkit SA Akm NA PANINIRA
JULAD NG MEREN DAW Akong BOYFRIEND NL
KA TRABAHO KO AT BINABI PA SA KASAMA
KO SA TRABAHO NA 81 ELLA ATIENZA NE
KAMI RAW AY NAG HOHOTEL AT INAASIKASO
KO RAW Ang SINASABI NYANG BOYFRIEND
KO SA TRABAHO KAYA LAHAT NG AKUSASYON
NYA SA Akın AY GUSTO Kong MAIPALIWANAG
NYA LEHRT NR MGA SINABI NYA, DAHIL
DITO AY Gusto ko siyang IRAKAMO, AT
PINA BLOTTER,
C
SARAH CINCO BAUTISTA
complainant.
09076060984
11.29.2023,
from
BILLY IMBESTIGADON",,Filed
20260507_232655.jpg,,15:35,,,,"NAMES
STAC
DATE M-29-2023
7mo. 3:35 PM
FOR. Collection
For Sum
Of monoy
RONALYN CAPARAL
Am : 2040 OREGON ST. VASOR
AGAINST
NAMES. JEROME PEREZ
ADD:
12-258 CLARK AVE.
VILLA Ser SUBD, 1ST FLOOR.
FOR BLOTTER
NAGSADYA SA BRAY HATT UPPMS
TROLAMO SI JEROME PEREZ
Tungkol SA UTICITY WL DAPAT
131 SAY NI CHROME PEREZ
(BIGAY
SA NOSING
USAPAN NAMIN ITO
AY IBIBIGAY NYA SUBALIT SN
NGAYON AY AYAW NA NYANG
BIGAY KAYA ANG GUSTO ID
NK MAS KAUSAP DITO SA BRGY",,Filed
20260507_232718.jpg,2023-12-02,14:15,Purok 6,,,"STAU
DATE 12-02-2023
time 2:15 PM
Fok
NAMES, JONATHAN ABUAN
ADD Purok 6 BRey Amste
Against
NAMES JAIME CRISTOBAL
-Puno 2 Brey Anim
Abp
FOR BLOTTOR
NAGKAHARAP WSKEN SINK Mn
JONATHAN AB, complaint
AS RE
JAME CRISTOBAL
UPANG PAG USAPAN Aking Tungkot
SA INSIDIETS NA PAS KABARA
NY JAIME CRISTOBAL AND SASAEYON
NA MINAMANGHO NI JONATUM ABUN
TOYOTA INOVA (Colon R+D) (to
BY TMAMLAN SA BANDING
LIKOD NA PINTO, WA
TAPINTO
SA PApuntsons BNG YAR
/
GATE, SA WGS PAG culskp
PEGAGAWA NA, Long N/
SHIME CRISTOBAL A NASH
SASAKYAN, BILMING PATHWAY
WA SILA AY weakasund 81th
AY LALA, DA SA KASULESing
NO NEAYERS Docomber 02
No Ayens
BY
2023
SAF SANO
J.CRISTORAL
JONATHAY ABUAN JAIME CRISTOBAL
Complaint Respermnct",,Filed
20260507_232741.jpg,2023-11-29,07:05,,,,"BLOTTER
Computint:
NEX ACOSTA
Puno 4B, WEPOVINE
BRGY. AS
RESPONDENT
EXCEL JAVIER
JONATHAN YU
JIMBO
Punone 4 B
NOV. 29, 2023
7:05 P
THEFT:
p.m.
TV SCREEN
AMPUFIER
PLATINUM SD CARD
owner
JUVILYN GUEVARA
PAUTE
09169967346
NEPOVILLE
FREY KANAL TCENTS city
1
NAGTUNGO DITO SA BruAUGHTY ITOVO S₁
THE MOSTA UPANG IPAIS COTTER MIC
PAGMAMALANG MGA
SUSPECT YA SIVA EXCEL JAVIER
1
JONATHAN YU M KANG MAGICAMGA-
umo jimbo.
Ayou lito KAY NEX
SiCA
16
UMATRICA
VIDEOKE DITO KAY GUEVARRA
IT TIWALA Sicatus instit St Looks
ne konicoMG BAKUR U MATAPOS
Bakungn 46
MILA IMS Gmuition. A napansin niza
MA WACH GANG VAM this ASSIG
VIDEOKE A AUS TV SCREEN, DM-
PLIFIER AT Platinum SD caus.
2023
KAYA W Umstand noVEMBER 28.
WAG POTTER IMGS LUZ
Dusta Dito mety.
Gjail
ZUZ POSTA
RET ACOSTA
0997486240",,Filed
20260507_232756.jpg,2023-11-30,09:50,,,,"DATE 11-30-2023
Tmo. 9.50 A'M
NAMES JOMAR LOBO
ADD:
for
pupuh # 1 DumSITE
FOR BLOHER
INGAY NOVEMBER 30-2023 AY INIWAN
Ny M. JOMAR LOBO ANG MSA PYESA
AS SASAKYAN JULAD NG & PCS)
INJECTOR AT 2 PCS CANT SHAFT
/ PC OIL PUMP INIWAN
ST BRay Hall WS Anuinine.
PATUNAY NA ITO AY NASA
BRay S1 Mn JOMAR
DITU
Bilbing
LOBO AY LALAGDA
SA KASULATANG ITO
TOMPR LOBO
NAG IWAN NG PYESA",,
20260507_232824.jpg,2023-11-30,14:05,,,,"DATE 11-30-2023
Jimt. 2.05 P.m
for- collbation for
NAMES GRAZIEL VIVAR CARAAN
ADO.
Sum of money
# 109 BRay TELABASTAGAN MC. ARTHUR A WAY
AGAINST
NAMES SAVOLLA ALCAZAR SABROSO
som 9-2 NILE ST. F-SHIP PURON #5 BRay anunas.
Angouts City
CITY
FOR BLOHER
NAGSADYA NGAYON SA BRay 81 Ms. GRAZIEZ
VIVAR CARAAN MPS REKLAMO MS
SHIELLA ALCAZAR SABROSO tungkol sa
KANYANG toob STALL NA SINANGLA KAY
MS GRAZIEL VIVAR CARAAN, NA HALAGANG
($220.000.00) TWO HUNDRED Twenty
THOUSAND POSOS, KAYA NAG PUNTA Ako
SA BRay AY SA DAHILANG Hinbi Sya
NAKAKA BAY SA NASABING KASUNDUAN
NA PAS BABAYAD, KAYA ANG Gusto Ko Ay
MAG KAUSAP Bro SA
Coraan
Bro SA BRay,
GRAZIER VIVAR CARDAN
complainant
Docomo 5-2023
Tmo 2:00 pm
09354935901",Settlement / confrontation held at barangay,Settled
20260507_232835.jpg,2023-11-30,15:45,Purok 3,,,"DATE 11-30-2023
NAMES. PRINCE DIZON
Time. 3.45 P.m
fon, EJECTMENT
MAME HAZEL MARIE 13. SALITA
ADD. 1935 DAHLIA Tmos Park Bhey pampara
AGAINST
WAME. RODOLFO GOCILLOS
Jebni
Purok # 3 brily
FOR BLOHEN
DUMATING DITO SA BROY SI MS. HAZEL
MARIE B. SALITA UPANG | Reklamo, Ans
NAKATIRA SA TANYANG LUPA, DAHIL
Ang NASABING LUPA AY GAGAMIT
IWA NG MAY ARI AT RAILINGAN WA
Siking UMMIS, KAYA ANG GUSTO
KO AY MAG USAP bio SABRay
PARA PAG USAPAN hus pre Aus
NUA
,
HAZEL MARIE B. SALITA
Complainant
Du
PRINCE DIZON
Representative,
DECEMBER 05/2029",,
20260507_232846.jpg,2023-11-30,18:30,Purok 2,,,"BLOTTER
NOV. 30, 2023
6:30 p.m.
DATE
JOSEPH MURELIO CLAND
PUROR
S
BATIBOT
BRGY. Muns
TENMAT/BUMBAY
(NARAAKSIDENTE)
# 09924815067
# 09922881385
nActonGo Ditd SA BARANGAY ITING
si Josera sunerio Clanin UPANG Int-
PORT G nancyami
Now By
nk you DAW SA LAVYA SYA
SA KMYA.
NAKA BANGGAS UG BATA.
HABAC DAN TUMATAKBO Anc
PANCYOT SA TOLAM
MOTUR
LA
My A
BARA (PUROK 2), BILLA DAW
ITOUS BATA
JUMAKBO
nA ESTi-
MELTE MYA YASA 7 THONG GUIDE
12 PASMSA
1
JOSEPH
KAHit MA
AT Ayon Dito legy
SABOLAGA DAN SYA, AT
SANA PAGPRENO WA SYR
MAGnayoon iro no quEST
GRABUTAN PA night HoNG BATA AT
NATUMBA
1
SA
how
PATI NA SA JUHOD nito.
KMYA WAGTINGO Dito SA BA-
TANGAY ITMG si JOSEPH
Plus
2
REPORT The guy 5 ute-
PATUNAY NA Himni SMA TUMAKAS
BAGUMS
Nob
SA
KAYA Hussy wise-
ONA PAHIC, NAGHAHANAP
PA RAW SYA NG PERA
HARDA RAN SYA MAKIPAGTULU
ncan
SA
BATA
JOSEPH
MT GASTUSin
CLARIY
3",,Filed
20260507_232912.jpg,2023-12-01,14:49,,,,"BLOTTER
01, 2023
STAG
DATE
JAME: JOEL LUCION / JACKIELYN LUCION
DATE DEC, O1 2023
TIME 2:49 pm
TOO: BRGY 180 TALA CALOOCAN CITY
NAMES JERALD YBIERNAS
DATE: DEC 01 2023
TIME
ADD
2:49 pm
PLNOK 2 ANUNAS
*
FOR BLOTTER *
DUMATING SA TANGGAPAN SI Mn, JOEL
LUCION KAPATID NI JACKIELYN LUCION SA
KADAHI LANANG BUMILI DI CIMANO NG BA
HAY ITONG SIMS JACKIELYN LUCION NG HA
ALAGANG $ 90,000 THOUSAND PESOS AT NGA-
YON AY PINABLOTTER ITONG SI VJERALD Y
BIERNAS
AT KANIYANG DATING KALIVE IN
PARTNER NASI JACKIELYN LUCION DAHIL
INANGKIN ANG NASABING BAHAY NA DINA
YARAN HI M'S JACKIELYN LUCION AT ANG
MAIS AY MAGKAUSAP SA BALY, DONG ICANT
NYANG KAPATID NA SI JOEL CUCION. KITA SA
MONDAY 2:00 pm
Fr
JOEL CUCION
COMPLAINANT",,Filed
20260507_232925.jpg,2023-12-01,,,,,"JUAME ROSEMARIE DOMEN
DATE 12-01-2023
+mo te bo pm
FOR. Conoction por
sum of money
ADD
Justin 3 Bhuy
AGAINST
NAMES. EDGAR DE Guzman / JOSSETTE DEGUZMAN
punch #3 Bahay phun
ABD
FOR Bloston
NAS SADYA SA OPISING NG Lupon 81 ms.
ROSE MARIE Domon, pina Moklamo Ang
MAS SANA Ntr si Mr. EDGAR DE GUZM
AT JESSETTE DE quzman, tune/w/ St BAHAY
Nb komuna SWANGLA KAY MS. ROSE M
Domon, SK DAHILANG HINDI SILA NAKAKA
BAYAD SA PAGKASANG to kaya ang
GUSTO NI Ms. RUSE MARIE Demon by
mas KAUSAP DIO St Bry,
Sk
RUSE MARIE Domen
Complaint
Ebath Do GuZ MAN
""pos perint
JOSSETTE DE GUZMA
Jasponpent
Pert B. Cros
Brey Im B05119",,
20260507_232940.jpg,,00:05,Purok 7,,,"BLOTTER
Comprint
SHAILA
1242
DEC-02, 2023
12:05 A.M.
DATE
R. STA. mariin
1829 TETAS ST. VILLASOL
BRGY. DAS AUGELTS city
RESPONDENT""
si
1
KATE LOTINO /EZRAH
SITID SANTOL, PURok 7
EZRAH LOTINO
S
BR64. As, Ductus City
9
NAGTUNGO DITO SA BARANGAY 1746
SHAILA
STA. MARIA UPANG I REPORT
6 A PARAMPAL SA KAY-
Aniston &
← S KATE
pyon Dito KAY SHAILA
20+140,
A
MANGYAK
AG PARA SA KANYA KAGABI
EDAP WA ALAS OUSEY SAIS
Decem
BEN 01, 2023. nay mali LAW SYA
mi KATE SA DAAN
f
Doon in WAGA-
AT IKIGABIGLA 150
MP AT
me
C
SA ORAS A ign
NALABAM
190
l
Hinni
in SHAICA
vision
Itona si SHAILA,
AT Ayon Din bito kay SHAILA
INNERER Um sic into itmo
EZRAH Lotino Optic SA MCA PAG-
po post mit SA SOCIAL MEDIA
Guit
7
56
LA PAUGH MY ""SHAD"",
At Rus ISA PR An AnG meA PAG-
BABANTA SA KANYA AT ANG PAGKA-
BAWAT SA
EMSA WA DUMA
HARAP NG BATALLA.
564
As A S
mpur-USAA
Di to SH KARANGTY
fake mo
24
AT
A SANA MAGKAPAriwander
ANDSM ANG PROBLEMA.
SHACK R. STA. Muit",,Filed
20260507_232957.jpg,2023-12-03,12:30,Purok 4B,,,"DATE
12-03-2023
TIME 12.30 Aim
FOR: (THEFT)
NAMES: JUVILYN GUEVARA PANTE
ADD: PLACK #3 BRGY ANUNKS
NAMES. LUZ ACOSTA
ADD. PUROK 4B NEPOVIVE BRay Anyway
AGAINST
upont. CARLO TIMBANG
ADD. PUROK 5 Bray Ances
FOR BLOTTER
NGAYONG DECEMBER 03-2023
SA GANAP. WE R:30 NS UMAGA AY
NAHULI NA ANG NAGNAKAW Ning
VIDEO/E NA PAG AARI NI JUVILYN
GUEVARRA PANTE, AT Knr suspect
NAST CARLO TIMBANG, AT ITO AY
NAHULI NI PUROK LOADOR ALFRODO
LAXAMANA AYON SA KANYA AY NAHULT
TO A NAKILLA, NA ISA SYA SA
TINUTURO NG complainant, WR NAS
NANG VIDEOKE AT Ang men
Istins NA AMPLIPTON AY N
SA PINA BENTAHAN NEAYONG DECEMBER
03-223,
JAVILY EVARRA PANTE
Complainant
ihut
Luz AJOSTA
242
Complaint",,Filed
20260507_233024.jpg,2023-12-03,01:50,,,,"DATE 12-03-2023
TIME 1.50 AM
FOR.
NAMES. FENNETH NATNAT
ADD.
PUROK & BRay ARUNTS
FOR BLOH2
JAD
NAGSADYA SA BRGY SI Mn. KONNOTH
NATNAT UPning 1PR BLOTTER ANG
MGA TAON pumunta SA KANYANG
BAHAY AYON SA KANYA NAKILALA
NYA NO WA
OMEL JHOM PAUL
AT SILA AY MAY DALANG CUT-OFF
pampuro NG BAKAL SA DIS ORAS
NS GABI AY SILA AY WAG BONTA
KAYA NAG Punth Ale Sh BRGY
PARA IPA BLOHOR,
T2
KENNETH NAT NAT
NES PA BLOHEL
Bray Imbes/SARY",,Filed
20260507_233121.jpg,2023-12-03,14:30,,,,"SONG SEOK MUN 48%
FIMOS PARK BRG PAMPANG
DATE 12-03-23
TIME: 300 PM
NAMES: PANILO BARIANCILA
EDUARDO SIDOL
BRGY. POLICE)
FOR BLOTTER
BANDANG 2:30 PM NG HAPON NG
MAY TUMAWAG SA BRGY. POLICE NA USING
DANILO BATIANCIAA AT EDUARDO SIDOL
UKOL SA NANGYARING AKSIDENTE NG
ISANG MOTOR SINGLE CPCX) NO PLATES
SA TULAY NA BATO NA DIUMANO SANS
KOREANO ANG NAHULOG SA ILALIM NG
TULAY NA NAG NGANGALAN NASI SONG
SEOK MUN AT 100 AY DINALA NG
AMBULANCE NG CITY HALL SA OSPITAL
NG ONA, AT ANG NASABING MOTOR PCX
AY HASA PANGANGALAGA NG BRGY. DAHIL
HINDI MALAMAN ANG TIRAHAM MG NASABING
KOREANO AT ANUMANG ORAS A/
AZ
PWEDE MYANG KUNIN ANG KANYANG
MOTOR DIT0 SA BRGY. HALL NG ANUNDS
DANILO BATIANCILA
Ja
OPUARDO SIDOL
ALVIN P. CJ A
LUPON",,Filed
20260507_233136.jpg,2023-12-04,01:35,,,,"DATE 12-04-2023
Tit 1:35 AM
FOR, THREAT
NAMES IHON CRIS REYES
PuRoh 5 BATIBUT
NAMES, AKA TOTONG
punish 5 BATIBUT
For blomn
NASPUNTA DITO SA BRay st
JIM ORIS REYES UPARS IPH
1Ph
BLOTTO: SI AKA JOTONG) pengket
(orons)
SA GINAWA SA KANYA AY NIYAYA
DAW NYM MASLAK, SUBALS
Big pong Wash AT PINA
BATHON, KAYA AMS GINAWA
by PINK BLOWER TO 180 USA
plampen 64 2023,
DE
100 GANAP NR.
NAT
NAGA,
KLEBER
THON CRIS, Royos
Complaines",,
20260507_233236.jpg,2023-12-04,15:55,Purok 4,,,"NAMES JEROLD
DATE 12-4-23
TIME: 3:55 PM
GARCIOLA
LANIE JANE LIMOT
ADD: PUROK 4 BRGY. ANUNAS A.C
NAMES: ALDEN CONTADOR
APP: PUROF 4 BRGY. ANUWAS CLAIM TULAY)
FOR BLOTTER
NAGSADYA DITO SABRGY. HALL NS
ANNHAS ANG MAG-ASAWANG SINA JEROLD
GARCIOLA AT LANIE JANE LIMOT UPANG
IPA BLOTTER SI ALDEN CONTADOR DAHIL
SA DIUMANO PAGBABANTA NITO SA MAG-
ASAWA TULAD NG ""MAKAKATIKIM KAYO""
BINABASTOS HINYO AKO, DAHIL SA SINABI
NI ALDEN AY NATAROT ANG MAS-ASAWA
KAYAT PINABLOTTER HILA ITO.
Mornicely
JEBOLD GARGOLA
Selinal
LANIE JANE LIMOT
ALVIN P. CUA
BRGY. LUTON",,Filed
20260507_233252.jpg,2023-12-04,,Purok 2,,,"PLOTTER
NAMES: MIKAELA IBE
DATE 12-04-23
TIME 11 PM
ADD: PUROK 2 BRGY. ANUNAS LC.
NAMES: MARIEKO
MENDOZA
ADD: PUROK 1 BRGY. ANUNAS A.C.
FOR BLOTTER
NAGPUNTA PITO SA RRGY HALL
NS
ANUNAS SI MIKAELA IBE UPANG IPA.
BLOTTER SI MARIEKO MENDOZA DAHIL
SA GINAWA NITONG PAMAMAKIYA AT PAG
POPOST SA FB
AT PANGHAITARAS NITO
KAYAT PINABLOTTER NI MIKAELA SI
MARIEKO MENDOZA, AT NAIS DIN N
MIKAELA NA MAKAHARAP NIYA DITO SA
BRG HALL NG ANUNAS SI MAREKO
UPANG MAKAUSAP KUNG BAKIT NIYA
TO GINAGAWA.
MIKAELA IBE
COMPLAINANT
ALVIN P. WA
BRGY WPON
SCHEDULE/TUE - 2PM 12-05-23",,For Hearing
20260507_233321.jpg,2023-12-24,17:20,,,,"BROTTER
Computiumt:
ROBERTO
Pullon 4
ARON
DEC. 24, 2023
DATE 5:20 pm.
PIGATE
BRGY. ADS
AUGELES City
DARILLA DUAREZ
KANSAS ST. VILLASOL
BRGY. AS
MAGGO Dite GPM Donic
PIMA PAG-UUSAP MG Konique
PROBLEMA
18yon Diti lety PICHTE Unis
441 vomitue leven SA BAHAY
DUARLES AMG Cott.
Ane ASASIC 6
By IASTICITY
9
By 1757 ricity Aero uiting
Si DUANER, I BANDMike migh VGA-
You De
H WATER HEATER/KUNTI-
WA
Piocinan Di
CELLPHONE.
100 sua som zo.
Dum
nc
Pic
PANELING Dito
SA BAGAM
TO PINA
Andy D. DUAREZ
YASPER DE LOS REYES
WLMETS",,
20260507_233338.jpg,2023-12-05,,,,,"DATE 12-05-2023
TIME /DS. AM
NAMES. JEFFKEY LAXA DOMENDEN
ADD.
panok A10, Brug An
4101
AGAINST
TAME MICHQUE DAAN - MANN
ADD puno 43. Brey
Fok BloHon
NAGSADYA SA BRey 81 M
JOFThey LAXA Domongan upang
IPE Blotter Ang kanyang
ASAWA NA MICHULLE AWAY
DANN tungkel SA Nitamy
NYA NA WAG KAROON Nuong
PAKIKI PAG talik SA Hapon
Alam ko ITO NG TumhAWAY
150
Ang KAIBIGAN keng S1 DisNG
KAYA PINK BLOTTER NEAYONG
81
DOCOMBOR 65 2023 DA
GANAP WE IKA lito dating
mAbhing Anaw.
SHEHRA YAYS Domonton
Complem",,Filed
20260507_233400.jpg,2023-12-05,09:05,Purok 3,,,"HAME: ARGEL SANTOS
JAYSON GAMBOA
ADD: 254 STO. ROSARIO A.C
(MALAYAN SAVINGS)
AGAINTS
NAMES: SARDINICO LITANA
DATE
12-05-23
TIME:9:05 AM
Z
COLLECTION THE
SUM OF MONEY
PUROK 3
ADD: ARNEL PANGILINAN PUROK I
BRGY. ANUNAS A. C.
FOR BLOTTER
NAG TUNGO DITO SA BRGY. HALL
NG ANUNAS SI JAYSON GAMBOA ICA
NG MALAYAN SAVINGS UPANG IREKLAMO
SINA SARDINICO LITANA AT ARNEL PANGILINAN
SA HINDI TAMANG PAGBABAYAD SA KANILANG
PAGKAKAUTANG NAIS NI JAYSON GAMBOA
MTNG MANAGER NS MALAYAN SAVINGS NA
SI ARGEL SANTOS NA MAKAHARAP SIND
SARDINICO LITANA AT ARNEL PANGILINAN
PITO SA BRGY. HALL NG ANUNAS UPANG
MAIPALIWANAG KUNG BAKIT SILA HINDI
NAKAKABAYAD SA TAKDANG ARAW..
JAYSON GAMBOA
COMPLAINANT
ALVIN P. CJA
BRGY WPON",,For Hearing
20260507_233417.jpg,2023-12-07,13:35,Purok 3,,,"BLOTTER
Complaint
DEC-05, 2023
1:35 p.m.
DATE
HONEY LOU TUBERA LEUM MARK
puno 3
BRGY. AMAS
AMPLE City
TURENA
RESPONDENT:
AMALA HEWITT
PUROK 3, BREM Aut
Auetits city
NAGONGO DITO SA BARANGAY itonc
Si MAS TUBERA PARA IREPORT E
WAG SA Lyg mak
Ayon Dito ay WRS TUBERA
NA KAGAT DAW ITGKA 26
ASO GA PAGMAMAY-sui in sumis
DECEMBER 02.
HEWITT, noon
MAIPAPoktone. I now night
AMG Angle myA AT GUMASTOR
NA 46 74,850.00
station
PANA SA
na
Ann
AND - RABES
nakiusap ime si mRS-TU-
Bena pro Dini-Deny nick it
Hinki DAW nyt
A50 Ane uguALA-
G&T.
FIRST HEDning-
DECEMBER. 07, 2023
10 A.m
Strutura
Honeycon salivu tubera",,Filed
20260507_233432.jpg,,12:09,,,,"STAC BLOTTER
Compurinnt!
DTC. 05, 2023
12:09 pm.
DATE
JEWORD YBIERNAS.
Puno 2
BRGY. AVAS
ANGELES City
RESPONDENT
JOEL
Lucion
BARANGAY-WITNESS
BRGY. 180 TALA
CALOOCAY
City
C
Si
WARTUNGO Dito SA BARANGAY TIME
JEROLD Y BIERNAS UPANG IREPORT
in JOEL LUCION AT AUS
SinasyBG -
NA WITNESS WA ISANG BA
ANG GINAWA
ranc
Anon bi to kan
JEHOLD
RAW MAGUSTUHAN ANG GINAWA
HINDI GA
miting
ITO SA
Si JOEL Lución UA UAG VIDEO
HARAP NG KANYANG BAHAY WA Vity
USApin sóva in JACKIELYn weion S
BAKERY. WA Hindi naman DAPAT UYA
BIL VIDEOHAM AUG BRADY nicA. AT vis
Din mandam in JEHOLD YA kung sino
DAW IMG WITLESS YA BARANGAY WA Sina
SDBY
SIT KAYA WAGPA SCOTTER HTMG S JEHOLD
PMMA DAN SA KANYANG SEGURIDAD DA-
Hi HDi TAMA ANG CesuAWA instone si
JOEZ
wcon
A64 MG THE BI VIDEO √OFL
KAHAPON NG MTC. 4 7023 GANAP NA
4 5:00
to
ME HAPM
JEROCD Y BIENUAS",,Filed
20260507_233513.jpg,2023-10-12,,,,,"BLOTTER
Comperiment»
DEC. 06, 20123
4: 35 p.m.
Conection
of son
Of monoy
JEFFREY SABADO A.K.A. JOSH ALVAREZ
CANIOGAM MALOLOS, BULACAY
ANDRA RIVERA
Sto. Tomas Biñan LAGUNA
+
ANN JEANNEL ICnAcio
LABNE, SAN MIGUEL, BULACAN
MERY MELISSA LAUCHANGCO
GAPAN
NEVAECISA
RESPONDENT
ROMA JOICE
JOICE NACU
PUROK I, BRGY. ANYAS
ANGELES City
NAGTUNGO Dito inG MGA compliment
hot Angering PA SA MALALAYou 6
GAY PARA Laman
Si
w-
I REPORT AT IPA-
BLOTTER itong si ROMA JOICE NAW WA-
NARATIKA Dito SA BARANGAY Monts.
Aym Dito SA MGA Compito, sinAD-
YA MicAnG punthan nGAYONG ARAW
me Si
ROMA JOICE NAW PARA SAMA
KAUSAPUITO JUNGUOL SA WHIPAUCARO
SWAP-
myA WA IBADAK SA at this PERAus
NAPUNTA SA KANYA SA KANG IPINAG-
katiwa
Submit
SA kanG NAPAGKASUNDAY
AT MACKARoon sila UG KASULATAN wrong
OCTOBER 12, 2023 Vaiting on someth
JOICE An Hindi tunwPAD SA KASU
HiR WAIBArik SA kAuilt AMG 441A-
GAVG 7211, 000.00 MA SA LOOK NG ISANG
7/211,000.00",,Filed
20260507_233529.jpg,,18:30,Purok 4B,,,"TAG
BLOTTER
Complaint.
DECEMBER
06,2023
DATE
6:30p.m
(MELDA
ORQUIT
62
MARY ROSE
ORQUIN
27
PUROK 4B, NEPOVILLE
BR64. AWAS ANGELES CITY
RESPONDENT:
DOMINIQUE DE ASIS, 27
PUROK 4B, NEPOVINE
BRGY. MAS, MUGELES City
NATUMO Dito SA BAGAY
MAG-INANG
17026
DE ASIS PAltic
ORQUIS PARA IMEPORT
ITMs si DominIQUE
SA
9
nawha RAW ITO SA BAHAY night.
Ayo DiTO SH INDUG IMELDA, Hinsi
MY RAW MATTIS VA Hiuni myA MAPA-
KEALAMPY itons more myne si MA
RyROSE SA Towing AWAY
minique 76 MMSABAW NA DARICAL
ULTIMO
mo now ITONG INA By Ho
VA NAW SYA ÇinAnne.
M
Do-
Myon piso kay DominiQUE, Hushi
MA NAW wyt Maris AnG ProHiHi-
masou no kanyes BIYEMAM SA TU-
wine AC-ty
siva
SA unsungvon nasyon DITO SA
BAUDYCKY, AUG PANGAho hitric
1
Dominique By BASAGU A NAW
MA G Vemi AT PARikitungo nito
SA KANYA BIYENA.
KSA
SA HULING PAG-UUSAP, AT MAG DE-
Sisyon nating si DominiQUE UA
AACIS NA SYA NO BAHAY AT A W
NAW NA MALI SAMA PA Dito KAY MARY
Rost",,Filed
20260507_233550.jpg,2023-12-06,19:30,Purok 4,,,"BLOTTER
ComputinAut:
MERVIN
DEC. 06, 2023.
DATE
7:30p.m.
TORIBIO
Purok 4
BRGY. A WAS
RESPONDENT:
PUGENTS CITY
JOHN DAVE TORIBIO
PUROK 5
BATIBOT
1
BRGY. AMAS, A. C.
1
NAGTUNGO DITO SA BARKUCity Itong
Si MERVIN TORIBIO PARA IREPORT
kami AMAR NA SI JOHN
FM6
DAVE TORIBIO
Ayon DITO KAY MERVIL
Pito MERvin
Na Hum MAGUSTUHAY
GINAWA
Si Jorth DAVE
1
MAY
1
ITING
Sinira DAW ANG MOTOR
1
no KANYANG MMA NA PAMASAPA. KAYA
nais skud ni menou A MAGICA
USAP SZA Dito SA BARANGAY PARA
MAGKA PALwa kuus Kit
CIMAWANG
sirain pus
motor.
Mavis HNO
MERVIS TORIBIO
Heming
HEAninG SCHEDULE
Dic 11/3
2",,For Hearing
20260507_233629.jpg,2023-12-12,16:20,,,,"SALIRODNI TO TO DRIVER
SA NEDO VILLE
DEC, 072023
TIME: 04:20 PM
DATE
RACHEL ANN PULA/A ROSALES
34 you OLD
Pple #4, NEPO VILLE
AGAINST
RICHARD CARMEN
PR/e #4 NEPO VILLE
FOR BROTTED
NAO/PUNTA DIH SA BRY
BRY. HALL HAND
AHUNKS Si RACHEL ANN, PULA ROSALES
PARA MAO SAMPA NO REKLAMO KAY
RICHARD CARMEN NA MERROT SIYAND
BROBABANTA KORY, BACHEL ANN PULafa
ROSALET NA
ANO
SABI "" \YALA CALABAS KUND;
MAY MAYAYALA "" AND SABI to By Vidio -
BY
HAN FEITA ""AND SABI NYK ofo"", DAHIL SA
afINAYA Ni RICHARD SA /CANYANG KAPATID
NA ST LOVELY CHANGH HA DINURAAN SYA,
kayk
KAYA DITT NDA MASASAKIT ST RACHER
ANN PULOFA ROSALES KRY LOVELY CATIMIER
AT DIT NROBLT si RICHARD CARNISH /CRY
RACHEL ANN P. ROSTLES - AT AND NAIC
BRaY. HALL N
AY
MY MA/eA HARAP DIT SA
ANUNKS AT BRFALL OF MARTES SA ORAS NR
10:00 AM DEC. 12 2023-
TERY
NO
RACHEL ANN PULCHA ROSALES",,
20260507_233655.jpg,2023-12-08,12:16,Purok 1,,,"FOR:
DATE
12-08-2023
TIME 12.16-2023
NAMES: EDMARK MAMANGUN
PDb. PUROK #1 BRay Ancums.
NOM DAAJHon JACKER MOND
Nome. Then REY DE Itsus
purok #1 Brey Ancentr
AGAINST
NAMES JED PUNZALAN JOMAR MESINA
- PUNZALAN/JOME
Paroh #1 BRG Anun
App
FOR BLOTTER
NAGKAHARAP NGAYON SA BRay Ans
mag KABICAng pang Ang MSA PANGALAN
SA ITAR UPS PAS USAPAN mus tungkol
SA NANGYARING PAMBABASTOS SA Noring
PASUUSAP ANG MGA Complaint by
walong maitutu kung sino bus NAMBATO
KAYA Ang pangakong SA NA ININTE
AMS complaint by NAS KARYOS
NE AT Amor NA MAcul Aking Wing YAM
KAPAG NAULITAS NANGYARI AY
BLOHER NA ITU Ay siyang nagiging
BASOHAM PARA MASSAMPA NG Rok Come
Bilang patunAY NA SILA AY NAS KAAYOS
MA SILD BY LALASDA SA KASULATAN
Howsayons DECEMBER 08-2023.
Dameron.
EDARK MAU Jilton Joeten manstis
Then horADE JEsus
Juanzon | JOMAR MESINA.",,Filed
20260507_233831.jpg,,22:55,Purok 4B,,,"DATE
R-08.2023
MARA Ammt 10.55 PM
NANAN FOR MARITAL RELATION
NAMES SHIELA MARAVILLA
Abo
PUROK AB NEPOVILLE BRAY ARUNTS
AGAINST
NAMES HEDZEL SOTILLO
ADD
Purok 4B NEPOVILLE BRay Ances
FOR BLOTTER
NAGSADYA SA BRGY SI SHIELA MARAVIL
CPS IPA BLOHER AT I REKLAMO Ang
Kanyang KA LIVE IN PARTNER NASI Mn.
HEDZE SOTILLO Tungkol SA PAGBABANTA
TULDO, NG PUPUGNITION DAW NYB Ang
Aking
UW AT MARAMI PA Siyang
MEA SINABI NA MASASAMANG KAYA
PINA BLOKER ke Syp SA DAHILANG
BAKA GAWI NYA ANG MGA SINABI
NYA, NAMAYARI ITU NGAYON DECOMBAR
08/2023 SA GANAP NA 10.00 NG GABI
202
FE
SHILAY MARAVILLA
complainant.
A",,Filed
20260507_233841.jpg,2023-12-09,09:03,,,,"DATE 1209-23
TIME:9:03
CONANAN/DARWIN GENOVE
NAMES: ANTHONY CUNANAN
DATE DEC, 9 2023
TIME 9:10 AM
HOD:
VILLASOL
NAMES: ROLANDO FONTANILLA
DATE: DEC 09 2023
TIME
9:10 AM
ADO
PUROK & ANUNAS
- * FOR BLOTTER
*
NAGTUNGO SA BARANGAY ANCE
BAYAN HI ANTHONY
CUNAMAN NA ST DARWIN GENOVE UPANG IPA POLOTTER
ITONG SI MR, ROLANDO
FONTANILLA SA KADAARANANG
NAGKAROON NG SAGUTAN NG DALAWANG PANIG AT
MULA SA PANGYAYARING IYON AY BILLATO NG BOLA NI MR,
MUNA SA PANGYAYAN1216
FONTANILLA ST ANTHONY CUNANAN AT MRA DOON AY
Com ITONG SI ANTHONY AT MULING BUMALIK SA P
NANGYARIHAN AT NAGKAROON NG SOKITAN AT NAPAG
TULUNGAN DI CIMAND IT
ANTHONY CUNANAN AT
NATAMO NG (ULOS MEA SUGAT SO LO HA NAGING SAN
HI NG MGA TAMA SO MO AT AVON SA SUMBONG AY
PINANGGA PO M MOTOR
AT POON AY HOWALAN M
ITOY NANGYARI NGA DARONG 6:00 AM
MALAY.
ANTHONY
Dynul
AN/DARWIN GENOVE",,Filed
20260507_233853.jpg,2023-12-09,14:00,,,,"DATE 12-09-2023
Jimo. 2,00 P.M
FOR. THEFT)
Truss passing
NAMES. ALMARIO CARRIEDO JR.
PLARIDER #BRay Amsle
AGAINST
AbD.
NAMES. CARLO TIMBANG
ADD:
Pupok 9B NEPOVME BRaj Anu
NAMES THON CRIS REYES
ADD
(BRC)
PuRok & Brey Annes
FOR BLOHER
NGAYONG December 19.2023 SA GANAP
NA 2.00 PM AY DUMATING AND MSA
KAPULISM KASAMA Mr ComplainANT NA
S1 Mr. ALMASING CARRIEDO JR KF AUG
MSA SUSPECT NA SI CARLO TIMBANG AT
JAM CRUS Loyos, Ayon SA Complaint
NAKITA SULA SA LOOB WS PPORORTY
NG
NA kumukuHR NG XERO Kaya Ang
Na
Complainant AY PINK BLOHOR NOU AT
KAPAS NAHUM small SILA AY
PAPAkulong WA BILANG PATUNAY
NA SILA AY NAGKAHARAP
LALASDA SA KASULATANG 110
CARE
#
ALMARIO DARBO JR
Complanist
AY
CARLIMBING. JHMM ORIS Roxos
2004
pooperars",,
20260507_233910.jpg,2023-12-09,16:20,Purok 4,,,"NAMES
DATE 12-09-2023
Jimo. 4.20 PM
FOR. Lost excip
ROCKY BELASA ABRERA
ADD. PUROK +B NEPOVILLE BRGY ANLINK
XGAINST
NAMES. (AKA PAUL) AT (ALVAS NGONGO
ADD. Purok 4 BRay Anunt
NAMES JERICK WARDEN/ Jiten PAUL
WARDBAY
FOR BLOTTER LAGARDE
NAGSADYA SA BRay 81 Rocky
BELASA ABRERA, UPANG IPA
BLOTTER ANG NAWALA Wyking
Collport NE REEL ME 5 COLOR
PURPto Ana CASE COLOR GREEN
NA MAY MICKEY MOUSE, Ayon SA
""KANYA AY PINATORS Kutoma
SA MAY PADER AT ANG NAMDOON
STA AREA AY KILALA SA PANGALAN
NA (PAUL IS ALYAS NGONGO KAYA
POND BLOHTON, KO NO SA BRAY
NANGYARI DU SA GANAP N/A
3.30 NG HAPON, DECEMBER 09.
290231",,Filed
20260507_233921.jpg,2028-12-09,22:55,,,,"DATE 12-09-2028
SeoDuct. Dec. 12
ho23
TIME 10:55 P.M
FOR. SLANDER
V
Jime Wo. Am.
ORAL DEFAMATION
NAMES RICO BOY TORRES
ADD.
ROSSANA . MT. VIEW BRAY BALIBAGO
AGAINST
NAMES JUSTINE JACOB NOLASCO TUMANGUIL
ADD. PORAC PAMPANGA
NAMES. MECEL CALPO
ADD
TIMOG RESIDENTE
FOR BLOHER
NAGSADYA SA BRay 81 Mr. Rico Boy FoRNESS
UPS REKLAMO SIN JUSTINE JACOB
NOLASCO tumanquIL AT MECEL CALPO,
Ayon SA KANYA AY UMINOM SILA str
521 NIGHT CLUB SA MAY F-SHIP H-WAY
Ana NamaYARI AY SHA BY WAG BAYAD NS
BILL SA PARAAN Wa Bank TRANSACTion,
NA HOLDGANG 650000) SIX THOUSAND
FIVE HunoroD SIXTY PUSOS, AT Ana
PANGALAWA AY Halasing #33,289.00
THIRTY THREE THOUSAND Two Haribher EIGHTY
NINO POSOS, Ayon kink JUSTINE JACOB
Nolasco rumAnquil, AT MECHL CALPO AY
IN HINDI RAW ITU pumasok sa Account
RS NS 521 NIGHT CLUB, PERO PINALIWANAG
3H ko sa kanICA NA pumasok ITO AT PINA
18 KITA TO NA LAHAT NA ITO AY BAYARAN
in ko, At ang KASUNOD NOON AY INAKU
2 SAAN AKO NA SCAMMER, KAYA PANA
Blotion to HO SA BRAY AT Gusto ko
MAS KAUSAP KAMI DIO SA BROY
RICO BOY TORRES / Complaint.",,
20260507_233930.jpg,,10:20,Purok 4,,,"BLOTTER
DEC. 10.2023
10:20 A.M.
DATE
Computi
09343435762-DIOMISIO
BUDEOS
09514149369 - RANDY M. BANERA
PUROK ILALIM NG TULAY
C/O ARTABA
BREY. AWWAS
JUGELES City
RESPONDENT:
ALDEN CONTADOR
PUROK 4
BRGY. Auks
Jubes City
us TACCA
PUROK 4
k
hAcJuno DITO SA BARANGAY
Komo using Dionisio MT RANDY UPANG
Ireport itong
tocory.
si ALDEN CONTADOR
Ikim n6
NA Ayou
DITO SA MGA complaint
u
nout, itmus MESIMBENT
CMTA00
By hAO BITA SA KANICA
SI
HAMAPAN kita ng tiyempo
170
A DITO KAY Prosisio. GA-
nun Din Dito Leary XAYDY, WA Hint-
DAW SYA
Hamon
Ayon Dito
no PATAYAY. T
A
LAY DIORiSio, with naki-
Dionisio,
A ISANG BINUBUNT
4
NG BAGAY SA
Rob BEY WANG. VAGTATAKA
Now IThe Sina Dionisio AT RANDY
Kunce Bakit DAW SILA GMAGMuito
niting si ALDER combo.
KMMA NAGTUNGO SILA Dito SA BA-
RANGAY PARA IMPORT Me PAGBARMY.
JA SA KACA
intings Anson con-
1400
Dionisto
BUDEOS
MAAYOS BABIER",,Filed
20260507_233954.jpg,2023-12-11,08:00,Purok 2,,,"BLOTTER
Complainant,
DEC. 11, 2023
8:00 A.m
DATE
JUAN CARLOS FRIGILLANA
JOHN JOSHUA FERNANDEZ CABIENTE
Purok 2
BRGY. AwwuAS
TULAY WA BAKAL /Icaring
RESPONDENT:
BUHAWI
SECURITY AGENCY""
VALENTINE ANDRAPA - INSPECTOR
KULAD GALENTE GUBALLO
-
OPERATION MAGR
PUNO 2, TULAY WA BARU BRE. As
LALIM
NAGTUNGO Dito SA BARANGAY ITONG
S' JOHN JOSHUA F. CADIENTE UPANG
IPA BLOTTER AT IREPORT Mc GinAWA
SA KANYA NG MGA NAGAGATHAS SA KAG-
YA SA SECURITY AGEnCs.
CURITY 16thcy).
(BUHAWI SE-
Ayon Dito kay Joln JOSHUA F. CA-
BIENTE
G KANYANG INE
REPONT noon PAUS DECEMBER 3, 2023
SA KANILANG BARRAIcks Dito JA PUROK Z
MANGYA DAW KAS, BUSY DAW Hong S
CABIENTE SA DUTY KAYA Kanyon CAMG WA-
KAPUNTA C
BANANGM
C
que nas LAVIC SANA. CASIEUTE
M kunin mo KANYANG SAHOD YA 18
DAYS AT ANOTHER IK PARA DAW SAMA SA
LisensyA, DI GINAWA HAT IMEREK
Amo Din DAW in CASIENTE MG MGA
PAniniGAN PAC nwnwRA PAGPAPALAYAS
SA CA SA ugc InvUPATAN
LAHAT NG KANYANG NIRETERLAMO HA
HARTA PITTMG sina
VALENTINE ANDRADA ISANG INSPECTOR
CUBALLO, ISANG
KULATOR CALENTE
1
AG",,Filed
20260507_234100.jpg,,10:30,Purok 3,,,"BLOTTER
THEFT
COMPLAINT RHENZON BENICTA
DEC, 11, 2023-
10:30AM
DATE
PUROK 3, BREY
3, BRGY ANUMAC
A.C.
SUMADYA SA BARANGAY
SI RHENZON
UPANG IREKLAMO
A46 PAGNANAKAW NA NAGAMAT
SA
603
NG KANYANG BAHAY
ARAW
92
SABADO
BANDANG
MADALING
ARAW
PETSA NUEBE (a)
NO NOBYEMBRE
.
MAWALA
ANG
KANYANG
TV, LIMANG, MONOBLOCK, ISANG
ISANG) DALAWANG
TAK
ISANG
JACKET, ISANG
MARTY
KUTSI at
COMPLAINANT
Bhai
20637
ON DUTY
JUNATHOMA MUHAR",,Filed
20260507_234122.jpg,2023-12-12,02:30,,,,"STAC
DATE 12-12-2023
TIME 2.30 A.M
NAMES
DANICA NINA PAULIN
ADD. 56 A NEW YORK ST. VILLASOL SUBD.
AGAINST
TNAME. RAEK YUNG KIM
ADD. 54 A NEW YORK ST. VILLASOL SUD
FOK BLOTTER
Dumating DITO SA BRay SI WINNLE
MAGNO BRY POLICE, KASAMA S1 PANICA
NINA PAULIN UPANG IPA BLOHOR Ans
KANYANG LIVE IN PARTNER NASI KEK
Yung team, Ayon SA KANYA AY SINA
SARTAN SYA NG KANYANG LIVE IN
PARTNER NASI RAEK YUNG km, AT
SYA BY PINA BABANTAM PA Ako
KAYA UMALIS AKO PARA mag pa
BLOHOR NGAYONG DECEMBER 12
SA GANAP NA 2.30 NG
MADANG ARAW,
2023
C
S
DANICA NIÑA PAULIN
Complainant",,Filed
20260507_234132.jpg,2023-12-12,11:10,,,,"BLOTTER
Complainant.
DEC. 12, 2023
11:10 A.M.
Connection on sum
JAMET ALIN SOD
1021 TEXAS ST.
of money
VILLASOL
BRGY. AS AUGFLESCITY
RESPONDENT:
JOBETH B. BIGCAS
ELIO BOLADO compounD
KANSAS St.,
VILLASOL
BRGY. A HAS, ANGELES CITY
NAGTUNGO DITO SA RAWANG Hm
-
inSOD UP IPA BLOT-
TELL ITONG & JOBETH BIG CAS.
Anon Dito RAY SMET, MAY HA
Kinom DAW Phone & JO BETH KA-
SAMA SA NAUGHIRA ITOUS kom-
YING ASAWA YA Si FHATA. NA
MAY HALAGANG # 11,000.00. GA-.
Kim DAW ITO noon PANG APRIL
MANAUSAD I now in IMET
ina
MMC MAG-ASAWANG AT WAS A
MAC BASA
SA ORAS
YAMA-
KOH AG XMAS BOWNS. SUBA-
SILA TUUUPAD
LIT Hi in
BA
KAYA WAG PA IS BLOTTER James
Ditt PARA Dito SA SALARY
ATCEMBER 15, 2023
E CA
GAHAP 34
34 ALAS
4G UMAGA
JANET inSOD",,Filed
20260507_234156.jpg,,08:35,,,,"NAMES: HOLAND
DATE: DEC, 13
TIME: 8:35 AM
ADD: NEPOVILLE
DATE: DEC, 13 2023
Time: 8:35 AM
DATE
G
POAN KON
2023
* For BLOTTER &
7
DUMATING SA TANGGAPAN ITONG SI
NOLAND C. BANKOR UPANG
m
IPA BLOTTER AN
MP PANGYAYARING LAGANA NA BATUHAN
SA PAGITAN NG MER KABATAAN AT MGA BAK
LA HA MAGING SANHI NG PAGBASAG NG
SALAMIN NG KANIYANG MOTOR NA Fany KAWA
AT ANG NAIS NIYA SANA AY MABIG
YAN N6 PANSIN ANC MGA TAMBAY HAMA
LAPIT SA DIKE NA DIS COMAS NG CABI AY MGA
TAMBAY PA.
SAICI
HOLAND G. BANKON
COMPLAINANT",,Filed
20260507_234205.jpg,2023-12-13,13:25,,,,"DATE, DEC, 13 2023
TIME:
1:25 PM
INVITATION
NAMES:
RIZZA GIGANTE
DATE: DEC. 13 2023
TIME
1:25 PM
ADD Puno
2
ANCINAS
NAMES: JOHN LUNA/CHEINAH ANGELA
DATE: DEC, 13
TIME: 1:25 pm
2023
ADD: PUNO 2 ANUNAS
*
Fan BLOTTER
*
DUMATING SA TANGGAPAN ITONG SI MRS, GIGANTE
UPANG PAG-USAPAN ANG KANIYANG PROBLE
MA ANG TUNGKOL SA MAG-ASAWANG NA SINA
JOAN LUNA AT CHEINAH ANGELA NA NAKA
TINA SA BAHAY NI M'S PIZZA CANTE
pons por USAPAN KURD AND ANG
MAILAKABUTI NA SP PAG-auSAD NICA
KAYA'T AND NAIS SANA AY MAGKAR
SAP SA PREY PARA MAGING MALINAW
ANG KANILANG PROBLEMA.
HOZZA GIGANTE
COMPLAINANT",,Filed
20260507_234239.jpg,,14:15,,,,"BLOTTER
Computin
RELIAN
DEC. 14,2023
2.15 p.m.
DATE
GRACE
NAGAC
MALA
PARAÑAQUE
RESPONDENT:
C5750
Bonita
REBECCA BONITA
LOT 6, BLK. B
1
TEXAS ST.,
VILLASOL
BRGY. AS
AUGELTS City
15046
UPANG
MAZE NAGAL
IPABLO + TEK
HONG SINA GEL-
SA PINA
Wetuno Dito S4 BARANGAY
si parian GRAZE
SO AT THE BECCA TUMEROL
80
CAWA
milanc
WOTE WA
STORAGE SA KANYANG
MATATAG putta SA TEXAS
ST"", VILLASOL.
WA
2
syon Dito kay Marion GRACE
ANG PAGWght Age DAW my noong
MAGDAMam itong si REBECCA
MAGLAGAM 54A NG LAMESA PYRA
SAKO ANG PAGTITINDA HABANG
Hinni PA 614AGgist Anc BAKAYTEM
NOTE. SUUANG-Ayon naman itouc
S RELING GRACE SA PAKSAP in
TMG si REBECCA,
Tua
UNCA
MAMA WA PINAGBIGYA
AT TMG PAGDATING
AnG PAKIUSAP
IRELA GRACE AY NAGHA
SYA SA YAKitt
Lote A
BY
nito SA kanya
Menon 4G STORAGE UA UHKA
TAYO, AT GAY WAVAM
MA ANG
WAG LAGAY A SILA PA ANG PARANG
Hindi MAPAKIUSAPM in turn Get
KAYA nagtungo siyA Dit St",,Filed
20260507_234256.jpg,,16:36,,,,"NAMES: STEVE BENVOR
DATE DEC, 14 2023
TIME
4:36 pm
OD 112 PUROR
TIME 4:30 PM
ANUNAS
LAME RYALYN DE VELUS
DATE
DATE: DEC, 14
DEC, 14 2023
TIME: 4:30 PM
PUROK / ANUNAS
* For BLOTTER
7
*
DUMATING SA TANGGAPAN ANG MAGKABILANG
PANIC UPANG
MAL-USAP DITO SA BRGY, NGAYON
ANAW NA ITO AT NAPAG-USAPAN NILA
ANG MGA GAMIT NA NAKASAAD DITO TULAD
KIA
NG MOTOR, CELLPHONE, TV, SOUND SYSTEM, Gym
EQUIPMENT, LAPTOP AY I HOLD MUNA ANG MGA
ITO AT HINDI PUEDENG BENTA HANGGANG MAY
ROON PANG PAG-UUSAP IYON ANG ICANILANG
NAPAG-USAPAN DITO SA BREY. AT BILANG
KATUNAYAN SA NAGING PAG-UUSAP AY CALAG
DAAN ANC KASULATANG ITO BLLANG PAG-SANG-
AYON.
STEVE THEADIOR
COMPLAINANT
f. Deuts
RYALYN DE VELUS
RESPONDENT",,Filed
20260507_234310.jpg,2023-12-15,01:50,,,,"DATE 12-152023
TIME 1:50 A.M
Fon. R.A. 9262
NAMES. LOUIS KATE P.TASIC
AND
BULON 8N, FERNANDO
In thent of Hout Horor F-SAUP
H-WAY By Ann
AGAINST
NAMES. LUCAS Kimm
ABD.
km
Toukist No Exnery Abones
FOR BLOO
NASSAOYA SA Brey Ang met KAPUCist
WS
KAPULISTY
STATION 4 Kasama ang complaint
NEST LOUIS KOTE P. TASIC, upong /ROCARD
81 mn. Lucas kim SD SINEN NYKing
Pana AABUSU SA Akm, At PINILET
NYK Akong GALAWIN, NARS YARI Ito Sh
mismong STAFF HOUSE SA MAY POOKMRON
may
RESTAURANT STRAT HOUSE, SOX CORNER
Who ST, AT SA AMI PASUUSAP SYN
Mr. LueAs Kion by AAYUSM N
Lang Ang ProBumA,, AT Bilang
PRounay NA SI Ms. LOULS Kart
P. Asic My WA ams
WALK ams poklono
kny mr. Lucas kim SILP BY CALASBR
St Kasulatan 100 WGAYing Hocombin
15 2023, NANGYARI AL PANG MABUSO
NSAYING DECEMBER 15 2023 Sh
GANAP 4.00 M 5.00 NG HAPON.
me
LOUIS KATEJP. TA
Complaint
Asic
LUCKS km
Respons",,
20260507_234344.jpg,,16:15,Friendship,,,"DATE
NAMES: ANGELITA DELOS REYES TRILLANES
DATE: DEC, 15, 2023
TIME
4:15pm
ADD: MEKONG FRIENDSHIP
FOR BLOTTER *
Fon
DUMATING SA TANGGAPAN HONG SI ANGELITA
DELOS REYES PARA IPA-BLOTTER ANG PANGYAYARI
RING NAGANAP NA PAGKASAGASA NG KANI
NYANG ALAGANG ASO SA MAY GARAP NG)
MISMONG MEKONG ST. FRIENDSHIP AT AYON
Se SumBONG AY HINDI KILALA ANG TAONG
ITO O DRIVER NG NASABING SASHICHAN
L800 FB AYON SA SUMBONG ANG PLATE HO
AY CAD 2134 NGUNIT ANG DRIVER AY
WALANG PAGKAKAKILANLAN KAYAT NAIBL
TTER NGAYONG ARAW NA ITO AT ANG PANG
YAYARING PAGKASAGASA AY KAHAPON NG
BAGO MAG 4Pm
ANGELITA DELOS REYES TRILLANES
COMPLAINANT",,Filed
20260507_234354.jpg,2023-12-16,03:20,Purok 1,,,"DATE 12-16-2023
Time 3:20 A.M
FOR. PHYSICAL INJURY
NAMES REBECCA ALMARIEGO / 18 YRS OLD
Purok #1. Bray Anungs.
ADD:
NAMES.
Abbi
AGAINST
EURIKA PANCHO / 17 YRS OLD
Purok H I BRay AnuNTS.
FOR BLOHER
NGAYONG DECEMBER 16 2023, AY NAG
puntA OF BRay Hall 81 RolanDO ALMARIEGO
iT YRS OLD, Upang IPRS. BIGAY ALAM SA
upama
MER BRAY POLICE Ang Nakita Nyang
sway AT PANANALISA kanyang ATG
ROBECCA ALMARIEGO
We st
GAWA BY
es.
AT Ana MAY
ANG
e EURACE PANCHO Ang
GINKIZ AY sinuntok Alco SA muit
SATYAM AT SA LABI KAYA PINE
BLOHOL Ku Ana GINAWA NYA AT KAPAS
NAULIT 150 AKO AY MAY SASAMPA NG
Reklamo, vinayak Ho MeAyers DEC.
PRIKA 3.0
16-2023
DA GANAP
Na amart.
Staal ARMARIEGO
fil complaint",,
20260507_234406.jpg,2023-12-16,08:35,Purok 2,,,"DATE 12-16-2023
TIME 8.35 AM
NAMES. RUDA SARITO (HERSY LOVE SARITO
ADD
PUROK 2 BRGY Anunas
AGAINST
NAMES. FRANCO AQCAOili
24 YRS 025
ADD. Purok # 2 Bray Ananas
FOR BLOTTER
NAGSADYA SA BRAY ANG MAG INA
RODA SARITO / HERSY
/HERSY LOVE
NA
SARITO UPANG
REKLAMO ANG KANYANG KAPITBAHAY
NAKITA ITO SA MAY BINTANA
sok
A
NL PINAPA
BINTANG ANG CELLP Hono, Nang
KAPITBAHAY, Namayarı (TO NEAyong
DECEMBER 16 2023, SA
NS UMAGA KAYA PINA
GANAP
NA 8.35
BWE NAMIN
170
SA BRay.
Saite
RUDA SARITO
/HERSY LOVE SARITO
Complainant complainant",,Filed
20260507_234417.jpg,2023-12-16,09:00,Purok 2,,,"DATE 12-16-2023
Time 9.00 AM
NAMES. HERSY LOVE SARITO
ADD.
puno 2 Bray ARUNES.
AGAINST
NAMES FRANCO
AG CAO ILI
ADD:
Purok 2
Bray Anunts
FOR BLOHER
NAS KA HARAP DITO SA BRay SI HORSY LOVE
SARITO Complainant AT 1 FRANCO ASCADILI
Rospendent SA GINAWA NYANG PANINILIP
HABANG NALILIGO SA BANYO SI HERSY
LOVE SARITO AT HO AY NAKUHANA NG
VIDEO AT UMAMIN Naman ang RuspenderT
WASI FRM CO AG CAOILI, At Ang Responses
AY NANGANGAKO NA HINDI NA Manulir
AT NANGANGAKO NA WALANG GAGAWIN DA
>
+
MSA NAS REKLAMO, AI KAPAS NAULIT
Ang kanyanG GINAWA Ang Blotton PA
MAGING EBIDENSYA LABAN LAY
FAMCO ACAOILI
Bhima RAILING ML
SNA AY NAG KAHARAF SUR
Sn
Kasulama
10. We wilms pumices.
HERSY LOVE SARITO
Complainant
Franco preson)
4
Respondent",,
20260507_234428.jpg,2023-12-19,09:45,,,,"DATE 12-16-2023
TIME. 9.45 Aim
NAMES. ABIGAIL LAXAMANA
ADD. 423 STO DOMINGO 2ND CAPAS TARLAC
AGAINST
NAMES. RANIER QUIAMBAO CORTEZ
Purok & Bray Anumas.
FOR BWHER
NAGSADYA SA BRAY SI MS. ABIGAIL
LAXAMANA, UPANG IPAG BIGAY ALAM
SA MGA Kinzukulan Ang Tungkol SA
BAHAY AT MGA
PERSONAL NA GAMIT NYA
NA GUSTOna KUNIN SA KANYANG LIVE IN
NA SI KAMER QUIAMBAO CORTEZ
ANG QUSTO Kona mag kauSAP DITO
PATIVOR
KAYA ANG
SA BRay
Sated
ABIGAIL LAXAMANA
Complainant
DECEMBER 19 2023
10.00 AM
MALL",,
20260507_234452.jpg,,12:20,,,,"DATE DEC, 16 2023
TIME
12:20
DATE
NAMES: DARWIN STA
DATE: DEC, 16 2023
TIME: 12:20 pm
ADD: AMSIC
ANA
NAMES: JOMAN NECLOTA ROSARIO
DATE: DEC, 16 2023
TIME: 12:20 PM
ADD: PUNO 3 ANCINAS
* Fon BLOTTER *
DUMATING SA TANGGAPAN ITONG SI DARWIN
SA BALY, CIPANG INELLAMO ITONG SI JOMAR
MECLOTA ROSARIO SA PANINIRA DI UMANO
NG MOTOR NA PAC-HARI NI Am NEOLITO
CAJUEBES KAYAT ANG NAIS NG COMPLAINANT
AY MAGKAUSAP SA PORCY, AND SH /KALILINAW
NG PROBLEMA.
fo a
DARWIN STRAND
COMPLAINANT",,Filed
20260507_234514.jpg,,21:35,,,,"BLOTTER
Continut:
MARBEL
PANCHO
BRY, CUAYAM
DEC. 17,2023
9:35 p.m.
DATE
VILLA C2 Anink
Mats CITY
+ Ponnons &
MA FE
(DAUG) CORTEZ
s
TES Uity
PUROK IBANG
MAG JUNCO Dito CA RAM in
me PA ASSIST ITc si
SA
BAitory
ni
MARIBOL
mar. FE
CONTEZ
Ayon SA APAZ USAPAN nice
sub nosisyon ni Mt. FE
BUKAS
giving
DAHIL stor
i7046
nica IPA FINALIZE Auc
leas
Si
4 20.
S
MEL Musty kinaulitous
HALAGANG #56,100.00
PERA
MA
AT DUG panenko WA CAPAC
A ne plu BAYAD
Hmki
ime si ma FE by IPE PRENDA
gi
Ane Kanilaus SIDE cane w/o
ISANG MID &
Bukens Hy muring BARA
no son
KT
KAYA
na
i7M6
S
USAPM
iting si ABEL
DEC. 18/1 p.
M1
PARA PACE-
leza Dun
Cont
Mithi bez PANCHO
juca
SURA P. CUA
IMBESTIGADOR",,Filed
20260507_234525.jpg,2013-12-17,21:55,,,,"BLOTTER
Computic
DEC. 17, 2013
9:55 p.m.
DATE
MARY SE DALA, 26
AGAINST
BENJIE
+
BATER WA
26
Puno 4, Bray. Anons
AUGTZES Fity
NAGUKANNAP Dito SH BARANGAY
HONG MAG-ASAWANG MARY ROSE DALA
AT BENJIE BATERYA UPANG PAG-
USAPAN ANG KANILANG PROBLEMA
Myon bito kay MAKY ROSE, new-
HA NAW SIYANG SINtity uitonae si
BENJIE
MA PISIKAL man I Sthit
MANG KALBAY A KANG NA-
tamo bi to kay Beusiz. KAYA
SA KANYANG DESIS you in Gusto
NA WAW my ons Mithi PAGIWALAY
Dito
6
SA PAG-UUSAP muci, NAGBICKY
16 Huling Decision irme si moky
ROSE NA ISANG PAGKAKATAON
pul IBIBIGAY YA Dito Sa Egy me
AT KAPAG Warcit moni
RSAWA
PROBLEMA
PA
AU pananakit AT AUG konicgu
1806 Si
MAAARING
me si Beusic py
DALI SA Capuciston.
AT in now itong si BensiE
Amina
Buckmages its Pink NA ITO
'
1
KAYA MADA SILA SA Celles
Katsonman as Wang pumicit
SA Esize.
B
MANY ROSE DEBIA
BESTLE BATER WA",,Filed
20260507_234601.jpg,2023-12-19,12:35,,,,"BLOTTER
ComputinAUT+
DEC. 19, 2023
12:35 m. n.
DATE
S
punong
KAREN
ANGELIE SADDI
Purok I, BRGY. House
The
6.7 s city s
71719
CMRES PRIDENT
- JOHN JERICK SANCHEZ
Puno I BREG. HAS
MGELES City
NAGTUNGO Dito SA BARANGAY
ITMG S KAREN ANGELIE SADDI
UPING ITEPORT AT IPA BLOTTER
ITONG GINAWA
SANCHEZ,
ni Jon Venick
Ayon DiTU KAY KAMEN
16 DAW SYA SA KANYANG TRA
46 DATAYM nikakon
from itong si John Verick AT
GUMANA MA The no ISKANDARO SA
Look uç kanyang BAHAY HUMA-
WALL ITO us portABLE 16 GAS STOVE
AT TANGKA
ritone sisindistan, AT
A
NA DANZ
Sa
MAY PAG BABANTA
mAy me uitons kutsilyo
KAYA TUMAWAS WA iTo me its pende
MG BALANCAY. AT Ane mais in
Karen Ay 'WAG 46 BABanize it onc
S Jouth Jerick SA KANYANG BA-
Apy
AT W46 Meaning 60GAWA HO
n6 ISKANDA
Otkriv6 IPA -
PULS ITG Si Jolth JERK
KAMEN ARE SAISO
JOH Jenick SANCHEZ",,Filed
20260507_234623.jpg,2023-12-19,07:00,Purok 3,,,"DATE 12-19-2023
Time 7.00 Am
FOR. PHYSICAL INJURY
NAMES. ANTHONY ABLAY ROEL BAHIAN
PUROK I BACUBAD ST. BRa
ADDil
NAMES
ADD:
Anunks Angolos Ony
AGAINST
PAUL L. BUENDIA REGEN
purok #3 BRay Anns
mc. L. JEFFREY LA SAGA
Abr.
Punch 4 Bney Antenas.
FOR BLOHER
Dumating DITO
complainant N
SA BRAY ANG MGA
Anthony ABLAY AT
ROEZ BAHAIN AT RESPONDENT NRST Mr.
PAUL L. ButNDIR REGON, AT IPA BLOTTOR
AND GINAWA NILANG PANANDA SE
Juanma Panunutok NINE PAUL L.
BUENDIA REGEN,
5.
Aking Anthony ABLAY
ROEL BAHAIN, NANGYARI
MAY
Shop Ng
100
82
punch 3 DA MAY
Kanto, Ayon & Kamila sy kinuRsu
WADA SILA AT NAWALA PA Ang
PORD NR HAL 40.000.00
KAYA PINK BLOHON ITU NEayong
DocomBon 19-2023
the
FR
TROEL BAHAIN
Antlery ABLAY
Complainant
Dec. 22-2023
10.00 A.M
6",,Filed
20260507_234637.jpg,2023-12-19,09:05,Purok 4B,,,"12-19.2023
DATE
TML 9.05 km
for. collection pon
Sum of money
Amt. ARCELI PONES
ADD.
Purok 4B NEPOVILLE
AGAINST
NAMES: MIRASEL CASINTO
ADD
2040
OREGON ST. VILLAS SU
FOR BLOHER
NAGSADYA NGAYON SA BRay S1
ARCEL, PONES UPANG
NR
112t/Como 81
MIRASOL CASINTO Tunakol SA Citing
NYA NA HAinging (P5.000) FIVE
THousmo puses, Ayon St Kans
AY
MATREM NA ITORS HINDI BINKBAYAN
Teryt
TeAYA GUSTO KO MAS KA USAP OTTO
STA BRGY.
ARCELI PONES
Complanis
Jan ole -2023
To.co A.my",,
20260507_234714.jpg,2023-12-19,03:25,,,,"DATE: DEC 19 2023
TIME: 3.25 pon
STAG
NAMES: JOSHUEL
B.
DAVID
DATE: DEC 19 2023
HME: 3:25 PM
DATE
ADD: 602 M.L QUEZON ST. COUNDES Sun
EAST
NAMES: JUSTINE JANE YANGA
JOHN DALE VICTORIA
DATE: DEC 19 2023
TIME: 3:25 PM
ADD: HAGUIAT ANUNAS
* FOR BLOTTER *
DUMATING SA TANGGAPAN ITONG SIMN,
JOSHUEL B. DAVID CIPANG INERCLAMO
ITONG ST JUSTINE JANE YANGA SA PAG
PO POST NITO SA SOCIAL MEDIA NOWACA
NAMAN ALAM SI MR, DAVID SA PROBLE-
MANG KINASANGKUTAN NIYA KAYAT AX
CUSTO KO AY MAKAHARAP KAMI SA BREY
PARA LINAWIN NAMIN ARE PROBLEMANG
DO. AT MAGHANAP SICA SA DEC 23 2023
SA CONAT. NO 10:00 Am
Jostruda DAVID
COMPLAINANT
W",,Filed
20260507_234736.jpg,2023-12-19,21:05,,,,"BLOTTER
Compliment:
DEC. 19, 2023
9:05 pm.
DATE
MERMAY GE-FAGE
HOUD ST JOHN MARK GERLAN 16
A
PUNO 4
BRGY. Ats
2A
RESPONDENT:
11
NOK-NOK"" Henson.
PUROWY
ILALIM NG TULAY
BRGY. Monk ve
MAGJONGO Dit SK KANGNGAY TOU
si
Si Jottn mithuk KASAMA MG Kanyang
Pink AS MERCHAU TAKA IPA-
BLOTTER ; Taong si nokno Hensm.
Ayon Dito kay Jolth walk.
-
NAGPAPA TUC TOG LADA YA
na SPERMore AT BIG Love A
PIT DA SA know A Hons si not nok
Mojon By Simontole SISA SA
TIYAM AT SA canyouc Likon At
SALA NAW Sya SinAPOK SA ULO
'
Are you spankit SA KAY-
nattyong 63, MA MAS
6am,
CAMA
YA
0730 kWARENTA.
WA EA-
namon DAW Aisen.
itme Jolth intak
AT KUNG KAkit Sest sinaktan nitine
noknok. AT Arson Dito lety
S
John Manok
HIUMBOL
PA KAW
SMA nitong si noenok VA MAY
DMG kutsilyo,",,Filed
20260507_234827.jpg,2023-12-20,16:40,Friendship,,,"4:40 p.m.
STAC
BLOTTER
COMPLAINANT.
DEC 20, 2023
8:20 p.m.
DATE
PHALIA B. DAVAB, 25 4/0
IBIE D. ABRERA - SISTER
142 -A Ponok 5 FSHIP ANUMAS A.C.
BATIBOT
respondent.
Unknown - RIDER w/motor
minon
PLACE ACCIDENT
1
FRIENDSHIP
PEPOSTRING LATE) in Front HOO MASSAGE
TIME: 4:40 p.m.
DATE
DECEMBER 20, 2023
NAGTUNGO Dito SA BANASAY IT
SIBLE D. ABRERA
D. ABRERA UPANG IREPORT
The VAGY SA KANG KAPATID
S PHALIA B. DASAR
Ayon pito KAY IBIE
nA
TID
AMC KAPA-
mang si DHALIA AY PAUWI NA
SA BAHAY NG AKSIDENTE SYA SA
Friendship no
motok
ISANG GCVE NA
DANDANG 4:40 ng Hapon.
MACAMO 180 nC SUCAT SA KA-
NANG PAA AT BUGBOG SA MUKHA 1
Ayon nito KAY IBIE
SA PAGUA-
IK BANGGA DAW SA konyous ICAPA-
MAY MAKA ISTAMBA
TD
A PO-
CICE PATROL MALAPIT SA PILANCY Akir
Han AT WALA man LANG SAW PU-
mic'L SA THONG WAKA - motok,
Alap nam Divitet
ni IBIE
ITONG KAPATID MYANG DALA
SA HOSPITAL.
KAYA NAGTUNGO Siva Dito PARA SA-
MAGPATV 2046 1046 PRANO
KAHA PUG TUMAKAS NA WAKA
ANG",,Filed
20260507_234839.jpg,2023-12-20,20:55,Friendship,,,"BLOTTER
Computinant :
""DAN DAN""
DEC. 20, 2023
8:55 pm
DATE
MARK ROLDAY BALDO, 14
B
ROLDAN BALDO-FATHER
2040 OREGON ST: VILLASOL
BRGY, AnnA'S
TESTDENT:
1
JAMES
✓
NANOT ""FOTANILLA
2
ALYAS TITIT
PUROLS, BATIBOT
NAGTUNGO Dito AnG MAG- Among
BALDO UPANG IPA BLOTTER ME
GINAWANG
PAGSUNTOK
nA nancyAm
SA KENTRO KTV friendship
ROLDDY BALDO
Ayon dito SA BATANG ST MARK
nactunco SivA SA
KENTRO KTV PAHIC MAY KinkTip Si-
Come ThoPA AT MAY LUMAPIT SA
KANYA AT HO UGANG sinA JAMES
AT ALYAS TITIT NA BIGLA NAW
Sypus sinunTok no man ito SA
KAMMIC PANG DANG waranc
DAHILAN.
P
KAYH MIC SHis ne pust So
ROLDAY MY IPA-BLOTTER me GINAWA
SA KANYANG Ante.
TAUG
Sterzung mit Bus CA BA-
Anuntok SA KANYANG qu
VAIS A SAMANG maiMBITA ANG
MCA ITO SA hy the MAG-
PAZWAAG
4",,Filed
20260507_234850.jpg,,22:20,Purok 4,,,"VAWC
STAG
BLOTTEN
ComputinANT:
DEC-20, 2023
10:20 p.m.
DATE CHILD ABUSE
MARA montimon, 12
OTHER
Anidori
MERCADO
PUROK RB264.AS
RESPONDENT:
G THE REST
ALYAS SAYSAY
SHOW on CCTUS
TIME: 7:00 p.m.
PUROK 4- (ILALIM NG TULAY)
B264. Anunas, IGRLES CITY
NAGTUNGO Dito SA BAnQnsity ITM6
BARONCITY
MHG-INANG givA MARA AT MAki-
von UPANG IPA BLOTTER ANG GINAWA
14 pony BUBUG BUG AT ITO AY MA-
kikita SA WAG"" VIDEO.
Hyon Dito kay
MARA
12 myos
nagtungo DAW SYA SA PISONET SA
Punole 4, St Anne KARICA.
mying si ALYAS
SAYSAY SIYA
n6 CCA THOUG
DAW Ang nangra- kunc BA-
KiT SYA BILING BOG
makikita
SA VIDED,
KAYA Ac nais in maricon
BILANG ISANG IWA
MAAYOS AT
MARICALA was gino AG MCA
ThonG
NASA VIDED,
BUERS
BABRIC mis me-A
PAGA
HumanAP SA OPISINA us
VAWC,
GANAP NA MWAS
9 NG UMAGA
MaritatmenCADO
other",,Filed
20260507_234901.jpg,2023-12-21,03:35,,,,"ATAG
DEC. 21, 2023
BLOTTER
DATE
3:35 A.M.
COMPLAINANT:
BERNIE GARCIA
PUROK I, BRGY. AS
DuctLEs City
RESPONDENT:
KELVIN
phone I
JEMMIAR
GAMBOA / MAMMAD
BRGY. Huts
Autres City
WASTUNGO DITO SA Romanicky
/Touc
Si Bennie GARCIA
CMCIA UPAMIC
IMEFORT ANG GINAWA SA KANYA
nitone KANYANG BAYAN VA Si
KELVIN
GAMBOA AT JERIMIAH.
Ayon DITO KAY BERNIE, kina
USAP MYA itong.en KELVIN PARA
TAnuncin ANG KANYANG TOOLS SA
TIMAASAY
motou
SYA
26
+
BIGLA BICCA
Boss nitons e ICELVIN.
BT Doon AY NAKA GULO NA AT
Jumulong
PA ITONG
KAN YAY6
ASAWA (KELVIN) WA SI JERIMIAH
MAMMAD. AT
WAS KAROon
KCAL MOT AT WASIRA ME DAMIT
niting si BERNIE
KAMAY WAIS nitong si BERNIE
NA BIGGMMC LEKs you itong sina
KEDIN AT JERIMIAH SA GINAWANG
PANG-AAWAY SA KANYA. NANGYARI
ITO NGAYou c MADALING flow-no
DISYEMBRE 21, 2023 GAMAPYA
ALA UNA TRENTAY NUEVE,
BERNIE
CIA
A.S.A.P.
- HEAMiNG/DEC-21-10AM",,Filed
20260507_234927.jpg,,13:20,Purok 4,,,"DATE -21-2023
Jima 1.20 p.m
NAMES JACKIE LOY JORDAN
Ar
PUROK 4 BRay Knums
AGAINST
NAMES. AIVAN JOCSON 17 YRS OLD/
prmt.
MARIA MELISSA TOLORIO QUARDTON
FOR BLOHER
NAGKAHARAP NSAYON ANG MASKA BILANS
poma, si Ms. JACKIELY JORDAN TYAHIN
NO
JORDM LOREMAS. C YRS OLD Upang
PAS USPPM Ang NANGYAK, Tunako/ Sh
NamaYARIS INSIDENTE SE PREA
puno 4 Bhey Anunds, upping pas
USAP NAnsing problema, KAYA
SA NAGING PAs wSKP 81 M. MARI
MEUSSA TOLOKIO BLions QUARDIAN NY
AIVAN Joeson, by TUTULONG SA PAGPAPA
GAMOT Sh BATA, BILAY PATURAY NT
WAS KAAYOS NA
Tha Ay
sus AY NAS
LALASDA SA KASULATORS ITU SAYONS
DECEMBER 21-2023. We whlang
PUMILIT NINUMAN.
garkdow
Jacky by JORDAN
THANG BIKTIMA
MAT MELISSA
TOLORIO
GUARDIAN",,
20260507_234939.jpg,2023-12-21,15:28,Purok 4,,,"DATE 12-21-2023
Timo. 3:28 PM
FOR Collection For
Sum of money
NAMES. CAROUNE BAUTISTA
Am
BANGCAL BREY MALABANIAS
AGAINST
NAMES. PAUL ISIP REGADE
Purok 4 bray Anun
FOR BLOHER
WASSADYA SA BRay SI MS. CAROLINE
BAUTISTA, UPANG REKLAMO SI PAUL
ASIP REGADE NA HELASTIS $6.000.00
SIX THOUSAND PESOS, DAHIL HINDI
SYA NEKA BABAYAD SA NAPAS USAPAN
KAYA ANG GUSTO AY MASAUSAR
DITO SA Ray,
A
antin
CAROLINE MAMUTISTA
Complainant
January of 2024
10.00 Am",,
20260507_235005.jpg,,11:20,,,,"DEC 22 Jors
-complainant
DATE
11.20am
ESMERALDA RaanDaan (Jasmin)
PunoKH C/B APOVINE, BRAY.
anumas aNGELEC CITY
FOR
BLOTTER =
naGTUNGO PITO sa BRGY. HODG
SI MS. ESMERALDA RaanDaan upang
1- REPORT ana panayayam sa kanilang
Batay na kung saan ay PILIT Faw
Pinapa Pirma 81 ms. raandaan ay isang
PUTING PAPEL AT warang anumang
nakasulat sa nasabing PUTING PAPEL
nangangamba Lamang itong si ms.
haanpaan Dating FINILIT na papirmation
On Da NAGENT na nun peu anc
nasabing Tanay (anyas). nangatia mba
WONG si ms. haanbaan POHAIL naka
sangra ang kanyang BOARCH DITO
na Tanay sa HanaGana
FIFTEEN THOUSAND PESOS (P15,000.00)
Pati na un ama Batay ng anak
ni ms. haanbaan na 81 ERLINDa
plaka dumating ONG anan ay
Bla Bumalik ang nasabing Jajan
ar kunin ang mga nasabing Baka
na naka-sansla.
Sa
anvas
Kaya pinaanam wo mms-
sa BRGY.
Raandaan DITO sa
ESMAld
ImAnanda paanbaan (Jasnan)",,Filed
20260507_235015.jpg,2023-12-22,01:50,,,,"Rhoda
DATE 12-22-2023
TIME 1.50 Am
DIXON-LANCIA
NAMES - RODA MACAPAGAL DIXON - LANCIA
ALLAN MACAPREM- Rop. w/ SPA.
Namin
ADD 0102 PUROK ISN MIGUEL SAN SIMON
PAMPANGA
AGAMST
NAMES. CECELIA ROGUE PARGILINTA
RBD. #399 VOLGA 81. RIVERSIDE SUBR
BRA ANunts.
FOR BLOTTON
NAG SADYA SA BRey Ang MAGKAPATID
NA RODA MACAPAGAL DIXON-LANCIA AT
SI Mn, ALLAN MACAPAGAL BILANS REPRE
Sonrasive, UPANS I REKLAMO 81 ms
CECELIA ROQUE PANGILINA, Tungkol Sa
LUPA NA BINONTA NA WACH Akna
sism. DAHIL DITO AY Gusto kamay
MAG KAUSAP DITO SA BRay,
RHODA MACAPAGAL DIXON-LANCIA
Complainant
Alan MACAPAGAL
Ausn
Representative.
OP.NO. 09167924241
12-22-2022
Door B.
B. Ontsnu
Bris Impestattun
JMM-08-2024
16.00 AM",,
20260507_235027.jpg,,12:22,,,,"DATE 12.22 2023
Time 12. p.M
Joh, BROAK IN
THEFT)
NAMES ROBELITA BEGONIA
ADD #45 B. AMUR ST- F-SHIP
Bray ARUNAS
FOR BLOTTER
NAGSADYA SA BRay S1 Ms. ROBELITA
REGONIA, upang
IPA Botton ing
WAnayaring NAKAWAY SA Kanying
Amun i F-SAID AT
BAHAY SA
Ana MSA NAWALA
SOLAR 3 Pes
AIR con 3 pes
EMERGENCY LIGHT
4pes, AT A MEA BREAKER AY
PINA ADUS, NANGYARI HO KAHAPON
DECEMBER 21-2023' SA PAGIT
No 1KA 7.00 19 GABI AT 1Km 8,00
Wa, GABI KAYA PINA BLOtton, ko
BRGY.
SA BRGY
ROBERTA REGON 18
Complaint",,Filed
20260507_235054.jpg,2023-12-22,19:20,,,,"TAG
BLOTTER
Complaint:
DEC. 22, 2023
DonnA DELA CRUZ
AGAINST
MET DA
7:20 p.m.
DATE
CAL MA
Puhoke 2
BRGY. Anuise
NAGTUNGO DITO SA BAnaughty itong
GWA DONNA AT MEUBA UPTIG PAG-
Ustem gisa ko
KaninANG MAS 7:00 uc consi
AYoU SA DAAWA
Hindi vr6
WALL-
GLA NAKA intindilton SA
Yahi Ukol Ang
SA KANYA
UA WASUNA SA KA HANA-
pt.
Civita ken nitong si MELDA
PUTING Si Donna MA MAM HAWAK
MA kutsilyo. nisicLA ITG si
Donna
SA HARAPAN Nick Dito CA BA
MANGAY
nc PASENSYA
Huminai
utine in MEZDA Dito kay DonnA
AT TIANGGAP urmin itong
PAUSAR.
Sakthing mount AnG PROBLEMA,
Si
DONNA SA
SIATY HAHARA
UHA SA LAPolishten
Mula Calma
MELDA Carcha
DonnA OL CR202",,Filed
20260507_235109.jpg,2023-12-24,00:45,Purok 413,,,"DEC 24, 2023
BLOTTER
12:45 Am.
DATE
ComputinANT:
DARLENE CERVITO, 16
PUNO 4B EXT., NAGUIAT
BRUS AUGELES City
RESPONDENT:
OLIVER LEBAUTino
PUROK 413 EXT., NAGUIAT
BRGY. ANDS
AUGELES City
NACHUGO Dito SH BANANGAS PARA
PARSLOTTER Hong KongANG LIVE IN
WA SI OLIVER LEBANtino.
PARTNER
Dyon Dito KAY DAN
7
a
Iki-
DAW IronG Hak na si Oliver
naatit myH NG BIGAY DAW in
PAULEVE IN learnings Angle. AT
SINABUutory DAW
SiGH AT IMO4706 the canyons
UW SA PADER. WATIGIL comm
SA TAGP6 1you.
I
An anaWANG PAAshit ito kay
UA WAT MG MGR
DARLENE
kamag-anak ni DARLENE.
WA
unis ui DARLENE UA HUMIWALAY
Vito kay OLIVER DAHIL SA
Kinki WA NAW MYA MATAGALAN
Ang
PAG-UUPA nitong si OLIVER-
BABqrik GE si DARLENE
BUKAS
PAUH HUMA SA
VAWC
AT PATA-
Dito Sa Angu
wain itme si OliveZZ PARA
MAGKA-USAP SICA
DEREK DANCENE CERVITO
Lab
Taky
DYING EQUILLOS
dot Hen",,Filed
20260507_235129.jpg,2023-12-24,13:35,,,,"BLOTTER
COMPLAINANT"".
JOMEL
DEC. 24, 2023
1:35 pm.
DATE
DOMETOD CAADIAY6
Puno 2, BRGY. ALWEATS
ANGELES
city
RESPONDENT:
unknown
Ponok 2
7
BAG, owns
NEAR BOY DE GUZMAN
THEY SANGUAN
L
ANGELES City
MATUMO Ditu
SA BARANGAY
PARA
SA KAN.
itmo si JoMEL CAADIMme
IPA KUTTER AMC
Your SASA ut paun PASAYERO
Kyun bito lay somer
SIDE
nanasa
One on SA SA
UMAGA
you
Sino
nikola
pic invoRTER
AT 156
SA
konyprus SASAL-
NA H
MABATIO 6.
Anc
may GawA.
man
SA can't use
norA Plastic na
AT DASHCAM SET
MAI
wan
MA
A mini
PORTALE ELECTRIC FAM, so givin
by man.
NA thu
met wining
16
54554-
you.
wh
Nancy's AUG INSIDENTE AT WA-
LAC maitono kung sino pux GUMA-
BANDANG AIDS UNA HANGGA
Art
are tos ng mating
DECEMBER 2/4, 2023
Joray/D. CAADIANG",,Filed
20260507_235141.jpg,,,,,,"STAC
BLOTTER
computinguit Wines
AMO NOL
A
DEZ. 24, 2023
400 p.m
DATE
ERWIN SEGUROS,
-ABR64. AnWAS TI
M
ASTOR Punoke 3,00
AGLES CITY
ASA
AN
$2
RESPONDENT:
CAZU
JAMES
18
Jonas
*
AWOHN
* GABRIEL
10
110
36
OTHER. JAME MERSAN
NAGTUNGO Dito SK KAUGNAY
sine hr Farm
Eawm
PARA IPA-BLOTTER
ANG MGA BATAUS pinAGHIHINA-
LONG PAGPASOK SA KAHtay nila.
-mon Dito lay FRWIN. MAY
SILANG BESES
UA uge SicAus
piragukan SA KANYANG BAKURAY.
VARY MOA ISAGA WA NAW Sigu
forys
Ma
B49-
ALSOH M GAREL the syring
WAABOTAN uitons
betul mutia
Si ou um
Sica bito SA BA
RANGAY. Kas Ane te
Kasut que
inest intraux.
nanguage the ANC S
JAVE SAH Hink
AUS GINAWA
CA
CHANG
MAUT
ne konsisting met
9
Buckle.
Fuuwi SEGUROS
Jane
Rmerhan
JME
mons",,Filed
20260507_235216.jpg,2023-12-25,,,,,"TAG
Computinmiti
EDWIN FIGUERREZ
neuita
Anonuevo
DATE
DEC. 25, 2023
DECA Clack
BREM. MAGOT
MGELES City
RESPONDENT:
ZAINA CRISTORAL
Punong 2
1
BREMS
Ayon DiTO WAY Fowis
1
MAY
Met puGMAY AMING paint Hons
DECA
d
Aron on to koy ED wiss
ZAIRA SA DECA
ASY AS us
si zida 84
mga itom si
15
Mę
REKLAMO into pre
Ate TV-
25
BAHAY
NAGBABATO it SA BUONG
KeyG BAHAY LAYA miR-
Miso SANECA
PARG6U60no
to win FLGUERRig",,
20260507_235235.jpg,,22:45,,,,"Stoff BLOTTER
STAG
complaint &
DEZ.25,2023
10:45 pm.
DATE
AYASIZ Aking
ROMY SIBAYA 000
Puno S, BATIBOT S
BRGY. AS
RESPONDENT
JOSEPH
KOYAS 330
Funok 5
BRGY. ANUMAS.
BATIBOT
SANIT
00
MAGPA KLOTTER DITO SA KANDMETY
Hong en pomy SIBAYA PARA IN
Pous irons GINAWA SA KANYA WA
JOSEPH KUYA FOUTAUS
you DITO KAY Nomy SiBASA
THEM WAA now syful Arm UA BA-
Houm kung bakit sub sinun
tok SA DIBDIB BT wwk Ho
ANG SA
Kmque Wella sua Mt
+
pas 9130 ne GAS DECOM-
BER 25, 20.2.3.
SIBAYA
Romy sisKYA I HIDAYA",,Filed
20260507_235257.jpg,2023-12-26,09:50,,,,"DATE 12-26-2023
TIME 9.50 AM
FOR PHYSICAL INJURY
NKME, KERWIN SERRAND
kno. # 7-10 OROG ST. VIDSON SUBD).
AGAINST
NAMES JAYSON Skmson
ADD. # 7-10 OREGON ST. VIASOL SUBD
For Blotton
NAGKAHARAP Dito SA bhey the
mar KANILANG PAnna, 81 Wh. Konwen
SORDANO AT JAYsen samsen, upang
PAG USARM AND HINDI NICH PREkaks
UNAWAN AT Humantong IR STATT
SA NAIS PAS CUSAP SILD AY NAG
KASUNDO NA HINDI NE MAunt bus
MSN NANGYARI, AT KAPRS Naulit T0
AUS MAG KABICA AY MAY KAKAPATM
ms Rokrome. Ang BAWAT ISA, BILANG
PATUNAY NA SILA AY NAS KASUNDO
my
KAMI BY CALAGA SA kasulatang
to NeAyons DECEMBER Mous
KERWIN SERRATIO
Complaint
Mysen Samson
Recomme",,
20260507_235306.jpg,,22:20,,,,"BLOTTER
DATE
DEC. 26.20231
10:20 p.m
Compusinant:
ROWIE
MALABAMAY, 29
Puno 3,
ALAM
TETE
BRGY. AWAS
A, C.
RESPONDENT:
MS. PALENGKE/
Puhok 3
ASAWA NG nine.
rth Camo
Tox's
-
Larsus TETE
BRGY. IS, ANGELES City
NAGTUNGO Dito SA BARANGAY Ing
Si ROWIE MALABAMA PARA IPABLO -
TTER TOG KANYANG KAPITBAHAY.
MA
Ayon piso kay howIE, Hinori nyt
NAWAPANGIn
nken-
youc mint amo ANG ASAUH LAG
uito Ane comunane Brown SA ALYAS
24
JOX's,
Jyon Rito kay nowie
1
MA6.um-
nas-
DISA comes BAN su koregan
PUROK LEMA Vito SA KAUSAP
PonDent DAHIC Camas SA AWAY
MCA inak viza, AT Simora
56
noon
NYANG
1
41664 PHORIA 24 ANG KAM
mask A MAY EDAD NA
SiGAM WA TAM AT WALONG TAONG GU-
Lang. Ayon SA ILAG man gan
Sa tuwing mae sumbong DAO
SA KANYA
M
ICHIGANG MIGH
AMAK
MGA
GINAGAWA NAW
SA EricA
nitouc
RESPO DENT.
TAYA
howie piti
54
unk
MAG PA OTTER stone si
mount the CUAGAN
A
Rananc
Shk.
into",,Filed
20260507_235318.jpg,,23:15,Purok 4,,,"STAG
BLOTTER
COMPLAINT.
IVAN LUIS GAMBOA
CHICKEN LUATO
DEC. 262023
11:15 p.m.
DATE
Pokok 3
1
BREG. MAS
AUGELTS City
1
RESPONDENT
MANDY PENA
c/o AUTAGA
PUROK 4
WEAK
BSKT,
CRYSTALENT / MT. COURT
BRYS JUGEns city
sucity
MACONGO Dito SA BACAY DIG
PARTHOU PAnic PARA PAG-USAPAN
KnivANG PROBLEMA Tuchol
SA nAsian michopite na Cotuit
Chicken LinAGO BAY.
SA
Byou Dito way
1
may valinnus michoPHTUE AR
2
MR. GAMBOA
zi na SADYA
niting
Di MANDY
PYESA,
nais
mi MR. BOA
MAMABIG-
You ACO
26
sousyon Are nahin.
RANG
MiLROPHONE,
2+
SA DEgisyon
in ustroy RENA
150 M YA PAGACAN ori
im
KAYA
BASTA
mangy
135
its my AMING PAPArition
kang raw itous 6464-x
papason.
A
Lyon LUIS CAMBOA - MANDY PERA
09530920515
CP# 09673709419
2",,Filed
20260507_235329.jpg,2023-12-23,11:48,,,,"DATE 12-27-2023
Time 11:48 AM
FOR THEFT"")
NAMES. CHRISTIAN MALASAN
ADD: Panok #1 BRAY AMUNTS
FOR BLOTTER
WAS SADYA SA BRay 81 Mr. CHRISTIAN
MALASAN UPANG IPA BLOTTER, Ang
NANGYARING NAKAWAN SA KANILANG
BAHAY NA BIMBATAY SA BALDI DE
PADUA, NANG UMALIS kami by
noon
December 23, 2023 SA
GANAP NA 500 WS HAPON AT NG
Bumalik kam! Noon DECEMBER
The 2023 NE Cervo as UmbGA AX
NAKA Bukas Ana GATE At Ana
MSK NAWKIN AY 2. Pes, TANE AS
TUBIG, AT PATI MAKINA ST CONTADOR
No. JET MATLC, AT BINASANG PAANS
SALAMIN RICE Cookon At PINGEAN
4. NF PIRASO 3 PCS UPUM AYN
PINA BUD HER TO CS
KAYA
ito sa Recy
th
CHRISTIAN MALASAN
Complaint",,Filed
20260507_235414.jpg,2023-12-29,,,,,"BLOTTER
JETTONE
DEC. 29, 2023
7105pm.
TANJO
Competings:
ASSA
NAVEDWARD GAMBOA
punong 3, DIKE
Bray. Auvents, A.
BRGY., C
A.
RESPONDENT NORJAH
MIALYAS R
TPINOK 3, pike
KNOY. Mounts
A.C.
1
MAGJONGONG muvi DITO SA BANA-
MGM immo & EDWARD GAMBOA
UPANG IPARSLOTTER TS GIA
Ini ALYAS JR SA Kniht kou-
26 marine pressu. GAUNP
ut MAS DOS DEC. 29, 20123
Ayon Dito kay EDWARD
ziet
zi na naman
1
mw-
OkW Buultrice isono
A2 SALYAS IR SA BAHAY nich o
SNAG
MAGISKANDALO, AT PILIT NA PIWA-
NG BAHAY itong to-
Son MAGAS
J
*WARD: MATAZAL BAGO Uman's
So ALMAS JR S T
14474
ne
nito.
N
to MANGH NGAMBA NA NAW SA
42 Anot soon S EDW AND PUTINA
hoone
ein AnnA NYANG MAWA
Kon't wais wen WA
MAIHARAA / TO SA BAKARLAY ST
LANG mapping PANAAM
Eder and
bambaa
EDWARD CAMBOA AN
A
A
7112 2
09",,Filed
20260507_235427.jpg,2023-12-27,21:35,Purok 3,,,"BLOTTER
Complainant
Puhok 3
DEC. 27, 2023
9:35 p.m.
DAT DEATH THREAT
EDWARD GAMBOA
DIKE
BRGY. Aunts
1. C.
RESPONDENT:
Purok 3
ALYAS JR
DIKE
BRGY. HAS A.C.
0 bitu
Si EDWARD GAMBOA
Tou
10046 si ALYAS JR.
SA BARAnety In
PANA IPABLO -
EDWARD
KAJR
1
uututuroe
46
T
MAGising
Ayon Dito KAY
Lukoyon WA MA Sign
16 LenG ASAWA
SILA SA IUGAY SA CASAS
M6 K4.
nyang bahay. At ito nothus en
NA PINAGTATABYALAY
into Ang kaniyang PLATO
ALYAS JR
MCA Cauit.
AT
Sinitt ni EDWARD
HingBOL
MAGN 460
imo si syns JR
SMA
AGAD
PLA
46 PATH.
17046
si EARNAUD SA BAR
IPASA ANG GINAWA niti
En AL YAS JR.
Eduard bouba
EOWARD CAMBOA",,Filed
20260507_235446.jpg,,11:45,Purok 4,,,"DATE DEC, 22 2023
TIME: 11:45 AM
E: NELSA T. ZABALA
E: DEC, 28 2023
1145
5. PUROK 4 ANUNAS
E: RICKY MANALO
MARIVIC DAVID
DATE
5. DEC, 28 2023
2
P. 11:45
•D: puno 4 ANCINAS
*
fon BLOTTER * C
DUMATING SA TANGGAPAN ITONG SIon's
""ELSA T. ZABALA PARA INEKCAMO ITONG SI
ICKY MANALO AT MS MARIVIC DAVID SA KAD
HIVANANG HINDI PINAPUNTA SA DATI KILANG
BAHAY NANG NABUBUHAY PA AML ASAWA
11 MS ZABALA AY WALA NAMAN PROBLEMA
NGUNIT NANG MAMATAY ANG ASAWA AY NAG
CAROON NG PROBLEMA KAYAT ANG NAIS
NIMS JADALA AY MACkaceSAP SA FORCY
PARA ACING MACINAW AND PROBLEMA
sabla
XIELSA T. ZABACA
COMPLAINANT",,Filed
20260507_235456.jpg,2023-12-28,14:35,,,,"DATE 12-28-2023
Time 2.35 PM
FOR. DAMBROS PROPERTY
NAMES JINKY PUNO MARIELLA CARPIO
ADD: 1417 GRANDE ST. POWERSIDE
SMOD, BRay Anurm
AGAINST
NAMES. VIYOP EMPERADOR
SOW - The YIES OLD
NAMES MOLLY EMPERADOR/OTHER
FOR BLOHER
NAGSADYA SA BRay SINA MS. JINKY
PUNO AT MARIELA CARPIO UPANG
REKCAMO SI JIYOD EMPERADOR, AT
molly EMPERADOR, Tungkel SA NAAYARI
PAS BANGA NA MINKMANTHORS MOTOR
MI JIYOP EMPERADOR NA MID COLOR
ORAGE AT ANG NABMISSA NYANG
SASAKYAN AY DUSUKI DELIRE COLOR
But NaYARI ns INSIDENTE SA
PINATUBO ST. BRAY MALDBANIKS, NOdry
Neos
Noon Novermbem 24.2023 Sh
GANAP Na Ikh
9.00 N9 Amat
KAYA wang BESES KoNang kinenTAR
PERO HINDI SICK
sampsAGOT KAYA
Ans
Gusto ko Ay
mhe kRuSAP bro
SA Brey,
JINKAM
PUNO
Complaint
January 09-2023.
10.00 AM
MARIELLA CARPIU
Com plainm",,
20260507_235524.jpg,2023-12-28,10:30,Purok 5,,,"BLOTTER
DEC. 28, 2023
--DATE: 35 p.m.
PHYSICAL INJURY
complaint:
RUBY YURABA, 42
PUROK 5 BATIBOT
BILGY. AL WAS, DUCTUS City
RESPONDENT
AN
ARIEL MARY, 40
purok 5 BAT BOT
Brey. AmouAS, AUGENTS City
Waltungo bito SA BALANCtry Phone
S' TWBY YURABA PARCH (PINABLOTTER
AT INEPORT ANG GITNA SA KANYA
46 KA LIVE IN PARTuta nito.
Ayon Dito kay NBY, Umuwi n
BAHAY DAW Hong si Akiez UA LA-
S146 DT Kinom PRONTA est nito
DAHIU SA
PMAGTA ww
AnG PAGKA in Angus
AUAK. SINAIA DAW siya at tinAD-
YARAN SA BALAKAM6. Nanguthu
PanamaniT SA KANYA UCHyone GABI
A GAMA WA ALAS 10:30, DES GEMBRE
28, 2023.
2023.
S muli GINAWA
SA 2 Any A
WA
uiting sur
SIYANG IPA pulis nito
MA-
BLS Noong pananakit St
Rusaha
RUKY YURAKA",,Filed
20260507_235536.jpg,2023-12-28,23:50,,,,"BLOTTER
COMPLAINANT
DEC. 28, 2023
11:50 p.m.
PHYSICAL INJURY
JAREL
PASCUA
23
Pulox 4
SIDE NING TETE
BRGY. AnonAS, AUGENTS City
RESPONDENT
JOHN LLOYD LOBO 26
Puno &
SIDE
ning TETE
BRGY. PUNAS, AUGELES City
NAGTUNGO pito SA KACAUGHT 0x6
JAKEL PASCUA PAND INTPORT AT
Si Voith nonD LOBO.
1PARLOTTE
Tonb
Ayon Dito KAY JAKEL, LiuAPITMY
DAW SYA
niting
107
nonD
LASING NA Si
ILT Kinom PRONTA SYA
nito funcKOL DAW SA PINASUKAN
FRATERnity. Hindi na naw
IT044
Si JANEL DA
HA-
DAW Lacing ito, AT Ganon
nitong
Maki 7A6TALO
Hil
CompuC DAW
36
NA
NYANG Likon
DAW ANG GINAWA SA kan-
simuutok
1
DAN SYA SA KAY-
MT DI LANG DAW ISA,
MARAMING BESES A GANG
PAGsontok DAHIL SA Hinki VA SYA
DALA PA Dito.
SA
Dito
KAYA NAGTUNGO SVAREZ DITO
BARAUGHTY PARA Poming, UG
AT / PAGTAWAG PARA MAG-
Dito SA HARAP NG BA-
to Long
USAP
AREL PAS CA",,Filed
20260507_235547.jpg,,09:57,Purok 7,,,"NAMES: PROCESA BIERNES
MEL BIERNES
ADD: PUROK 7 BRGY. ANUNAS
NAMES: RENANTE MONTE
MELDY LOTINO
DATE -29-23
TIME: 9:57 AM
A.C.
ADD PUBOR 7 BRGY. ANUNAS A.C.
FOR BLOTTER
NAGSADYA DITO SA BRGY HALL NS
ANUNAS SI MRS. PROCESA BIERNES
PARA PAALAM MIS KANYANG PROBLEMA
NG PAGKAKASANLA SA KANYA NG BAHAY
NINA RENANTE MONTE AT MELDY LOTING
MUONG THONG 2020 AT 100 KY HATUBOS
NA NUONG ON NGUNIT ANG USAPAN
SA TUBO AY HINDI NILA NATUPAD.
KAYAT NAIS HI PROCESA AT
SILA
MEL BIERNES NA MAKAHARAP
DITO SA BRGH HALL NG ANUNAS,
AT ANG PINAGDAG SASANA NA 710,000
PESOS AY HINDI DIN BAYARAN NI REYNANTE
AT MELDY.",,Filed
20260507_235600.jpg,,10:40,,,,"DATE: DEC, 79 2023
TIME 10:40 AM
DATE
FAME.
LESLIE DAVID
DATE: DEC 29
TIME 10.40 pm.
2023
APP: PUNO I ANCINAS
NAMES: PARRY VITUG
DATE: DEC, 29 2023
TIME: 10.200
Am
ADD: Puno / ANCONAS
* FOR BLOTTER *
DUMATING SA TANGGAPAN ITONC SI
m MS LESLIE
SA PONGY, UPANG IPA BLOTTER ITONG ICANYANG
KINAKASAMA NA ST mm, BANNY DAVID SA KA
DAHILANG PANANAKIT SQ ICANIYA AT SA
KANIYANG MGA ANAK KAYA'T NAC PAPLOTTER
ANG NASABING COMPLAINANT PARA KUNK SARACI
AY HUXIAL HANG MAUULIT AT TURI NACALA
USING AY HARAKIT (TO O KUNG NAGKAROON
NG PAG-AAWAY AY LANAKIT ITONG SI MR,
BARRY VITUG KAYAT PINABLOTTER ANG BAGAY
APA ITO SA BRGY.
er
LESLIE DAVID
COMPLAINANT",,Filed
20260507_235612.jpg,,16:10,,,,"DATE
NAMES: JEON HEE BUONG/NOW SALAZAN
DATE: DEC, 29 2023
TIME: 4.10 pm
ADD: FRUEHOSHIP
AMAZON ST. ANCINIAS
* Fon BLOTTER *
DUMATING SA TANGGAPAN ST MR JEON HEE
AT NOLI SALAZAR CIDANG IPA BLOTTER ANG
KANILANG KULONG-KULONG HONDA 125
COLOR BLACK SA MISMONG GILID NG KALSADA
SA TAPAT NG COATE AY HINAKAW KAGABI
MGA DAKONG 11:23 PM AT AYON SA SumBOXC
NG KOREANO AY NAKAPARADA ANCO KOLONG
KOLONG AT NALAMAN KANIYANG CIMACA
MA WALA NA ANG NASABING MOTOR NA
ICAYAT IPINAALAM SA BREX
HONDA 125
Ana Parul YAYBRING ITO.
ARC PARKLYDYBRING
JEON HEE BUONG/NOLI SALAZAR
COMPLAINANT
0956-0316900",,Filed
20260507_235651.jpg,2023-12-29,,Purok 5,,,"BLOTTER
Complainant.
ATE
DEC. 29, 2023
10!25 p. m
PHYSICAL Injury
ROSALIE CANTAAN, 32
Purok 5
BATI BOT
RESPONDENT
Bollen. Amounts, A.C.
ROGER AMPIRAL, 3
Puhore S
BATIBOT
Bus A.C.
WAGNUGO Dito Sa Baumanty iyon
Si noggie UPANG I REPORT Hong JeAPA-
TID LYG & ROGER-
Ayon Dido KAY ROSARIE, LASING
DAW IMG kuch postre nya
kinom Phonta SYR nito
ABING-
7
mito. SA KAT
may
ma
MARKA SYA
Bob DAW Sea
SYA NGAYou SA mik-
HA, AT SUGHT SA kamay
k02
SA ULO,
A
tegy notis myh itong
von 6
AT BU
(raku-
SA CArong maging Patton.
Real
RUSALIE C THAY
comperiuant",,Filed
20260507_235702.jpg,2023-12-30,03:50,Purok 4B,,,"BLOTTER
COMPLAINANt:
DEC 30 2023
3:50. A.M.
DATE
JAYREL VENTANILLA, 14 Ad
- JUSTIN BARCENA 16
JUSTIN
JHOOKEN
JAVIER, 175
Puno 4B, NEPOVIVE ATA
A3 BRGY, AND WAS A. C..
NAN
RESPONDENT!
A.c.
A
Ad
GADUS AS
A2
ALYAS JAY VEE(SEKYU)
PUROK 4B, NEPOVICE
BALGY, WAS, Arceus city
""Actorco Dito MGH BATANG
MENON DE EDAD WA TAGA PUKOKYB
ME POVILLEZ PARA PINABLOTTER th
J DALAWANG Tumutok 46 kutsilyo
84 kanila
m6
KaninAng
my Daring ALAW.
A LA TUUA
PUGA-
Ayon Dito kay JAYNEL
Lawpus
TA
DY
BESES na now sica-sinin
nitong si JAYVEE NOONG UNA
MAG-ISA
By HinG S VAYUEE su
AT
tunay
PERO ITS Huli An mAY KASA
non sunt SA buils
HAAG sick my ginigita
NATOK UA itong kutsilyo SA
Kui Itong si JAGUEE AG
tumutok Dito kay JAYREL, Tim-
tukan sila ng kutsilyo DAHIL
8A Leguilt, MAY NAWA-
BUG SAB
SA KANILA
LA
44 RAW M6A
AT GAM
NA LAMANG WA WAGTA-
TAKBO SICA
Bo
manok
SA TAKOT
DAHIL
r
KAGA VASTUNGO SILA Dito SA
BANAUGHTY PARA MAGPA BLOTTER.
JAUNEL VENTILLA
JUSTIN BARCEWA Ken JAVIER",,Filed
20260507_235712.jpg,2023-12-30,04:15,Friendship,,,"BLOTTER
S140
ComputinNT:
RONALD
DEC. 30, 2023
4:15 Am.
DATE
BARREDO
Puno 2, BARANGAY AS
Auberts city
RESPONDENT;
MUTYA Sison
PUROK I
7
BALUBAD
BRGY. WAS, Andres City
r
NAGTUNGO pito SA KAUMIGAY Ions
Si RonALD BARREDO PARA / PINABLOTTER
mi mutyA SA KA
146 GAWA
NAGANAD
Ittninge
ito
UNA Y
MEDIA
DECEMBER
30
2023.
(
MGA ALA
46 marring Anaw,
Ayon pito KAY ROYALD
PAGKA-
GAring milA SA FRIENDSHIP MT
NASA HARAP NA SILA NG BAHAY
wmapit itong si mUTYA DARCH MA
ki USAP
MAGS - CR DAW SYA,
DI NAGDA LAWANG ISIP ito AT PINA
Juvon
m
RousseD
17046
MA
PLA-
Ton6 S MUTYA
AT SA ORAS
Ahi CR ITONG
CR ITONG SATYA,
Ayon SA KANYA
SA KANYA WASA LABABO
ANG KANYANG CELLPHONE
NA 1yon
1
A NG MABAS WA Itong si MUTYA
MGA SILANG minuto
kukunin na
SANA ni pont pu kanye CP
A RAW Ito naki-
SA LABABO. HiuPI NA NAW
170
MA Rin. AGAD
TA ni nonALD
kay A ne
ORAS
UA
1400
An
BIGLA MY
PINA - Ring nila ito
namatay
1
AT
Silans
Tamnoin
NAGTUNGO KINA MUTHA PARA
TUNGKOL SA KUUG PAANO
DAW myA ITO KinwHH
DENY NAM
AT TO DO
ITONG Si muTYA.
17046",,Filed
20260507_235722.jpg,2023-12-31,12:35,,,,"BLOTTER
Complicist:
DEC 31, 2023
12:35 A. m.
DATE
Rommel ESGUERRA FORBID, 27
Puno
BRGY. Ants
1
TRIGELES City
Turn von From PANDACAQUI
BARANGAY PATHOL
TIME: 12:30 A.m.
Fronc si rommer E. ToniBio
A WALA SA PANDACAQUA
Ayon Sa kanya, umaris SYA SA
SA
KANILANG BAHAY KAHit
ours YA NG GAB7
KANG moton
1
Un vis
DALA YA Aus
na may siRE CAR
At 54 Di SinASADYA nAgingAn SYA
SA BOMOANG BREG. CUTUD. PAUWI, nt
SAMA SYA Dito Sa Anverts - Hingi
VYA NAW WAGAWA ANG nagusing
VA LANG
Moton KAYA, ni wan
nunA
SA BANKINGAS HALL BRGY.
CutuD, AT Doon ity omney4 DA
Look Bus
nc
0443
Dito SA
AwwwAS,
Lagn Every
uc
MGA nglet bury
A you so in HATI 844
KANGNEAY HALL US
act
Trommer E. ToniBio",,Filed
20260507_235732.jpg,2023-12-31,01:35,,,,"BLOTTER
CompusinAnT:
DEC. 31, 2023.
1:35 A.M.
DATE
JESSA V. BICCAS, 177/0
AUGELES City
ponok 1
, BRGY. A WAS
RESPONDENT!
KIM VERIAN
BRGY. CUAYAN, tincouts city
1
NAGTUNGO Dito SA BAGAY itong
Si JESSA BIGCAS PLAKA MAGPA BLOTTER
AT IREPORT ITMG KANYANG BAYAW NA
Si Kim VERIAN,
Ayon Dito KAY JESSA, PUMUNTA
RAWO SYA SA BAHAY ni kim PARA
kunin the KanilanG TAMBUTSO
Subalit, HinDI ITO BINIGAY nikim,
AT SA TAG pour 1 you My Getrit Ton6
Si Kia KAS JESSA AT NAGAWA
myAng Suntukig itong si JESSA
AT Sinthe DAW Sys
S4 mwkHA
mito.
Manayani AUG Pananakit SA
KANYA kaninAnG ALAS HOUSE 46
GABI
DECEMBER 30, 2023.
KAYA ANG GINAWA in JESSA
NAGTUNGO ITO SA HOSPITAL DAHIL
SA Sakit NA GINAWA SA KANYA nito
ng sỉ Kim,
D. B
JESSA V. BICCAS
/DO
Donna BIGCAS",,Filed
20260507_235754.jpg,2023-12-31,09:30,Purok 1,,,"NAMES
DATE 12-31-2023
Time 9.30 Am
FOR. PHYSICAL
INJURY
FERNANDO M. PANGILINAN
ADD. PUROK #1 BRey AnuNTS
NAMES
ADD
AGAINST
DANNY ALIPIO
puRok #I BRey AhliNTS.
BREY
FOR BUHER
WASSADYA SA BRay 31
m. FinnmDO
M. PANGILINA UPIG UPP BLOKon AnG
GINAWIG pananakit NI DANNY ALIPTO
SA KANYA KASABI St GANAP NA.
11.30 wa
WS GABI KAYA PINK BLOTTER
DA BREY.
FERNANDO M. PANGILINAN
Complaint",,Filed
20260507_235807.jpg,,10:50,,,,"TAG
BLOTTER
ComPLAINANT"".
JANUARY. 01, 23.
10:50 A.M.
DATE
RONALD EVARISTO
DARWIN
MERCADIAZ
?
A2 SPAG BOKhanD Briones
TA
J. Puhok S
BATIBOTA
BRGY. AS HUGELES City
Actungo: Dito Sa Banan stone
MGA Computing PARA IPA Blo7-
TER MS ugnoutthing KAGULUHAN
DiTo
r
SA BATIBOT, Ponoli 5, 64-
was it has 11:30 MG GABI.
Ayou Dito kay Renard EVARISTO
MASA LABAS DAW SILA NG RAY AT
Tho na si nint
DAPARY 17846 TAO NA
RAGING
Aram G PAGMm,
- MAANGAS DAW I TO KAYA WAHAN-
JONGIN SA PAMBUBUGB06
A you
46
KASAMA itong using
onas
DAnwin
1
BEN AND BROKES AT IBA
PA.
KANYA SA PARATING WH JANUARY
03,2004, GANAP un mes no
SILA AY Muling BAKALIE
UMAGA
PARA MAP kone DAY-
sin que NAGING GUW SA BATISOT
Darwins MERCADIAZ
BED BRONES
for AD EVARISTO",,Filed
20260507_235818.jpg,2024-01-01,11:10,,,,"3
BLOTTER
Com Paint
NHAU VEN
AJ
January 01, 2024
11:10 A.M.
DATE
RICHFRENTE, 16
~JEDINA F. RiCAPRENTE
Punde 3, BRGY. AS A.C.
MTANDAO AZ SCHAL
RESPONDENT:
N. ROMMEL AGAPITO - 16 N
ABELINDA
ANNOL IN
BELINDA ACAPITO
Pokok 2, BRGY. AUDS, A.C.
a
An Actumo DITO ANG INA ni NHAY-
VENNA S VEDINA PAYA IREPORT MG
GINAWA SA kanyang SAKKAGABI.
GANDS WA ASSE ne DECEMBER 31
2023.
WAPAG
Ayon Dito KAY JEDINE
Arzina ungA SA TITO NHAY
NEW WA MAy sumuntok It Leary Aus
SA CP, NA MAY
More so to by mAY PATULAn n
NA - UPLOAD PA IT
KATUWA NA siowntok AnG KAn-
NYANG MAN HABANG ito by VASA
moton ginto B NAPAG-Argman UA
Jones rommer sexPIT MIG SYANC
Sumundok.
KAMAY Comito
MA 6 -
Noport Dito SA KArancity Ang InA
hi NHAYDEN",,Filed
20260507_235919.jpg,2024-01-02,11:10,Purok 3,,,"DAT 01-02-2024
TIME 11.10 AM
NAMES"". JOSHUA SURLA
ADD
Purok # 3 BRey Anexas
AGAINST
NAMES ROGGLE AT CUCHIP
Am Purok puno 4 Brey Anents
FOR BLOTTER
T
Cukur
JUGAYONG, JAN U2-2024 BY NAGSADYA
JOSHUA SURLA, UPANG IPK BLOTTOL
SINF RUGGLE IN CUCI tunay sh
PAS HABOL NILA SA Akin wang kursnyo
SP ARON NS Puroh 4 Bhy Anemy
Ayor Jam or 2024 IF GRAP
WA 11.08 NG GABI",,Filed
20260507_235933.jpg,2024-01-03,12:10,,,,"DATE 0163-2024
Time. R:30 AM
A19 AL HAAR 201
Im
Mottsen
NAMES. AIDA LAYUG
ADD punch 3 Brey Knuts
AGAMAT DAN
NAMES ROEL LAYUG
AVAJ
M
Abos. Purek 3 BRey AnuNTS INS
fok Blotion
ACV
NAG SADYA SA Bry S1 Mrs BANDA LAYUG
UPS IPR BLOTTO Ang Gawing
PABLO NG KANYM A
NAST
ROOL LAYING WEByens Janus 03
2024 IN GANAP NE kn 12.10.19
GARNE
Maling ARAW,
CASE LAYUG
Complainny",,
20260507_235942.jpg,2023-12-30,17:00,,,,"BLOTTER
Complaint
LHANS
JAN.03,202344
5:00 PM.
DATE
RONDINA,
Ponok I, BALUBAD
BRGY. AUWAS
RESPONDENT:
MGELES City
SARAA JAYNE PATOLA
PETER JAMES JOHNSON
Puhok I, BALUBAD
BACY. fms, sucEles city
Brey.s
T
t
Nagtungo Bid SA BACANCY ITONG
Si LHAUS XonDINA PARA IPAIS BLOTTER
AT REPORT MAY SA KA-
MYANG BAHAY.
Ayon DITO kay LHAMs,
LHAMS, umuwi
SYA
MG MASBATE PARA MAGBAKAS-
You DAHIL may PhotLEMA SZA
16 Kang AnG LIVE IN PARTNER WA
PETER JAMES JOHNson,
AT SH EARING PAGBASqrik SA
KG BAHAY, WALA WAITING &
PETER JAMES Voluson noon pa
december 30, 2023, A BABOY
Ay quABILin nito 84 MAY-
Are not si SARAH JAYUE PATOLO,
AT MG PROBLEMA nalty on intone
Litans, maan syns EAST
PAT: Ang maH DAMIT
NA NAWAWALA
3
AT SAPATOS was MAY HALAGA AY WA-
inastes, konG WASHAN
LA Silims
NA NAPUNTA
IT MAY MGA DAMIT
1
kins us
NA GIMURIT - GUPIT
+
MCA Gn't JA LOK MC LWARTO.
KAYA ANG LAHAT NG
LA
WHAT NG
nawa
PROBLEMA",,Filed
20260508_000014.jpg,,10:35,Purok 3,,,"DATE Jan-14-2024
Mame Riza linda. V. Resolme
Add
Purok 3 Ruanas Barangay Anunas A.a
pate Jan 14 -2024
Tima
10:35
Klama Almario
Pilicano
Add Purok 34 kuanas Barangay Anumas A.C
pate Jan 14 - 2024
Time
10:35
Nagpunta ang magkabilang
Panig sa dating Barangay Ging
mag live-i17
Sina Rizalında V. Resolu
at Amario Pilicaric
napag kasunduan
ang kanilang
ng Palaala-
sa Kanilang
wala
Pag-uusap ay Rawat isa at kapag
mana
Tag
M
nog ponta si Almario sa Patory
Rizalde, Rizalinda ay portion
Pumunta na station 04-
at doon no. mag domplain: sa
na
mga kapulisan
ng
ring magka
bilang pang my bala da sta
tanggapan lupon
Complainant
R/-Regulme
Rizalında Resalutive
Respondent
Almario Pilicano",Settlement / confrontation held at barangay,Settled
20260508_000029.jpg,,10:05,,,,"CLARISSA L. MANA/ABAT
DATE FEB.01 2022
HME. 10.05 sa
pple #3 pRatY. ANUNDS A.C.
AA/BINST
JESSICA D. DAG/DAQ
Pple #3 BRO. ANUNDS
For Bromer
DUMATING OT St BARANGAY
HO ANUNDS SINA CLARISSA L. MANOHABAT
AT JESSICA D. DRO/Dka pook profe5-
USAPAN ITONG /CANICANO PROBLERES
87
BAHAY NA PAUPAHAN. TUNOLO, SA
Pho/PAPALIT NG PINTUAN, dingding
AT KISAME AT BIBILHIN LAHAT NAND
MATERIALES AT FOUND SALCAL; t
watin srond sk BY DADRO DRAIN NA
LAND HI JESSICA
DAYDRO HANG.
HAND MATA por stonal prox
5a NASPRING BAHAY, AT STERY N.
BY NAd
KLASUNDO DIT SA FERRANDAY HALL NO
ANUND SAHA CLARISSA Bi fossick.
AT LACP/DR sich, DIT BICANd
for 3
PATUNAY NA NAOEND
Chugabat
CLARISSA C. MARO/ABAI
NA SEX.
Aussion D. DAG/DRO/
of",,
